user_id,segment,signup_date,home_region_id,home_hex_id,age_group,promo_group
U00001,New,2026-08-10,HN,86415cb5fffffff,25-34,Treatment
U00002,New,2026-07-23,HN,86415ca67ffffff,45+,Treatment
U00003,New,2026-06-02,HN,86415cb5fffffff,25-34,Treatment
U00004,New,2026-08-16,HN,86415ca77ffffff,25-34,Holdout
U00005,New,2026-08-12,HN,86415cb57ffffff,25-34,Treatment
U00006,New,2026-07-01,HN,86415cb5fffffff,18-24,Treatment
U00007,New,2026-06-27,HN,86415cb6fffffff,18-24,Treatment
U00008,New,2026-07-26,HN,86415ca2fffffff,25-34,Treatment
U00009,New,2026-06-01,HN,86415cb6fffffff,35-44,Treatment
U00010,New,2026-06-15,HN,86415cb5fffffff,35-44,Treatment
U00011,New,2026-06-21,HN,86415cb67ffffff,25-34,Treatment
U00012,New,2026-07-14,HN,864143697ffffff,25-34,Treatment
U00013,New,2026-07-15,HN,864143697ffffff,25-34,Treatment
U00014,New,2026-06-27,HN,86415ca67ffffff,25-34,Treatment
U00015,New,2026-07-28,HN,86415cb47ffffff,18-24,Treatment
U00016,New,2026-08-09,HN,86415cb6fffffff,25-34,Treatment
U00017,New,2026-08-30,HN,86415ca47ffffff,18-24,Treatment
U00018,New,2026-08-31,HN,864143687ffffff,25-34,Treatment
U00019,New,2026-08-10,HN,86415cb5fffffff,18-24,Treatment
U00020,New,2026-08-24,HN,86415ca77ffffff,45+,Treatment
U00021,New,2026-06-15,HN,86415cb4fffffff,35-44,Treatment
U00022,New,2026-06-17,HN,86415ca47ffffff,18-24,Treatment
U00023,New,2026-06-30,HN,86415ca67ffffff,25-34,Treatment
U00024,New,2026-07-03,HN,86415ca2fffffff,18-24,Treatment
U00025,New,2026-06-05,HN,86415ca67ffffff,45+,Treatment
U00026,New,2026-07-19,HN,86415cb4fffffff,18-24,Treatment
U00027,New,2026-08-29,HN,86415ca67ffffff,25-34,Holdout
U00028,New,2026-07-06,HN,864143697ffffff,18-24,Treatment
U00029,New,2026-08-07,HN,864143687ffffff,18-24,Treatment
U00030,New,2026-07-14,HN,86415cb4fffffff,25-34,Treatment
U00031,New,2026-07-29,HN,8641436b7ffffff,25-34,Treatment
U00032,New,2026-08-09,HN,86415ca6fffffff,25-34,Treatment
U00033,New,2026-07-13,HN,86415cb4fffffff,45+,Treatment
U00034,New,2026-06-24,HN,86415cb77ffffff,25-34,Treatment
U00035,New,2026-07-08,HN,86415cb5fffffff,18-24,Treatment
U00036,New,2026-07-10,HN,86415cb5fffffff,25-34,Treatment
U00037,New,2026-08-31,HN,86415ca2fffffff,18-24,Treatment
U00038,New,2026-07-03,HN,86414379fffffff,25-34,Treatment
U00039,New,2026-08-13,HN,8641436b7ffffff,25-34,Treatment
U00040,New,2026-08-06,HN,86415cb4fffffff,45+,Treatment
U00041,New,2026-08-29,HN,86415cb6fffffff,18-24,Treatment
U00042,New,2026-07-11,HN,86415ca2fffffff,25-34,Treatment
U00043,New,2026-07-14,HN,86415cb5fffffff,35-44,Treatment
U00044,New,2026-07-28,HN,86415cb47ffffff,45+,Treatment
U00045,New,2026-07-12,HN,86415cb4fffffff,35-44,Holdout
U00046,New,2026-08-28,HN,86415cb4fffffff,25-34,Treatment
U00047,New,2026-08-28,HN,86415cb47ffffff,25-34,Treatment
U00048,New,2026-08-04,HN,8641436b7ffffff,25-34,Treatment
U00049,New,2026-08-25,HN,8641436b7ffffff,45+,Treatment
U00050,New,2026-06-25,HN,86415cb4fffffff,25-34,Treatment
U00051,New,2026-07-18,HN,86415cb4fffffff,25-34,Holdout
U00052,New,2026-08-22,HN,86415ca67ffffff,18-24,Treatment
U00053,New,2026-07-20,HN,86415cb5fffffff,18-24,Treatment
U00054,New,2026-08-07,HN,86415cb67ffffff,25-34,Treatment
U00055,New,2026-07-12,HN,864143697ffffff,18-24,Treatment
U00056,New,2026-08-16,HN,86415cb67ffffff,25-34,Treatment
U00057,New,2026-06-14,HN,864143697ffffff,25-34,Treatment
U00058,New,2026-06-18,HN,86415cb6fffffff,18-24,Treatment
U00059,New,2026-08-13,HN,86415cb47ffffff,18-24,Treatment
U00060,New,2026-07-24,HN,8641436a7ffffff,25-34,Treatment
U00061,New,2026-06-27,HN,86415cb6fffffff,35-44,Treatment
U00062,New,2026-07-13,HN,86415cb6fffffff,25-34,Treatment
U00063,New,2026-08-08,HN,86415cb67ffffff,45+,Treatment
U00064,New,2026-08-04,HN,86415ca67ffffff,25-34,Treatment
U00065,New,2026-07-20,HN,8641436b7ffffff,25-34,Treatment
U00066,New,2026-06-09,HN,86415ca47ffffff,35-44,Treatment
U00067,New,2026-06-21,HN,86414369fffffff,18-24,Treatment
U00068,New,2026-08-04,HN,86415ca77ffffff,18-24,Treatment
U00069,New,2026-07-31,HN,8641436a7ffffff,25-34,Treatment
U00070,New,2026-08-04,HN,8641436a7ffffff,25-34,Treatment
U00071,New,2026-06-12,HN,86415ca2fffffff,25-34,Treatment
U00072,New,2026-07-23,HN,86415cb5fffffff,18-24,Treatment
U00073,New,2026-06-30,HN,86414379fffffff,25-34,Treatment
U00074,New,2026-06-07,HN,864143697ffffff,25-34,Treatment
U00075,New,2026-07-26,HN,86415ca2fffffff,35-44,Treatment
U00076,New,2026-07-10,HN,8641436b7ffffff,18-24,Treatment
U00077,New,2026-07-06,HN,86415ca6fffffff,25-34,Treatment
U00078,New,2026-06-02,HN,86415cb47ffffff,35-44,Holdout
U00079,New,2026-08-14,HN,86415ca2fffffff,25-34,Treatment
U00080,New,2026-07-25,HN,86415ca2fffffff,35-44,Treatment
U00081,New,2026-07-31,HN,86415cb6fffffff,25-34,Treatment
U00082,New,2026-08-16,HN,86415cb4fffffff,25-34,Holdout
U00083,New,2026-06-25,HN,86415cb4fffffff,25-34,Treatment
U00084,New,2026-07-17,HN,86415ca6fffffff,45+,Treatment
U00085,New,2026-08-21,HN,86415cb6fffffff,18-24,Treatment
U00086,New,2026-06-12,HN,86415ca47ffffff,25-34,Treatment
U00087,New,2026-08-03,HN,86415cb6fffffff,35-44,Treatment
U00088,New,2026-06-24,HN,86415cb4fffffff,25-34,Treatment
U00089,New,2026-06-27,HN,86415cb4fffffff,18-24,Treatment
U00090,New,2026-07-22,HN,864143697ffffff,18-24,Treatment
U00091,New,2026-08-11,HN,864143697ffffff,25-34,Treatment
U00092,New,2026-06-23,HN,86415cb5fffffff,18-24,Holdout
U00093,New,2026-08-11,HN,86415cb4fffffff,35-44,Treatment
U00094,New,2026-08-30,HN,86415cb5fffffff,25-34,Treatment
U00095,New,2026-07-29,HN,86415cb67ffffff,18-24,Treatment
U00096,New,2026-07-14,HN,86415ca6fffffff,35-44,Treatment
U00097,New,2026-06-18,HN,86415cb5fffffff,35-44,Treatment
U00098,New,2026-07-25,HN,86415ca67ffffff,25-34,Holdout
U00099,New,2026-08-23,HN,86415ca67ffffff,18-24,Treatment
U00100,New,2026-08-18,HN,86415cb47ffffff,18-24,Treatment
U00101,New,2026-07-24,HN,86415cb47ffffff,35-44,Treatment
U00102,New,2026-08-14,HN,86415ca2fffffff,25-34,Treatment
U00103,New,2026-06-23,HN,86415cb5fffffff,25-34,Holdout
U00104,New,2026-07-07,HN,86415ca77ffffff,45+,Treatment
U00105,New,2026-06-27,HN,8641436b7ffffff,25-34,Treatment
U00106,New,2026-08-11,HN,86415cb4fffffff,35-44,Holdout
U00107,New,2026-06-05,HN,86415cb5fffffff,35-44,Treatment
U00108,New,2026-08-01,HN,864143697ffffff,45+,Treatment
U00109,New,2026-07-08,HN,8641436b7ffffff,25-34,Treatment
U00110,New,2026-07-08,HN,864143697ffffff,25-34,Treatment
U00111,New,2026-07-12,HN,86415cb5fffffff,35-44,Treatment
U00112,New,2026-06-29,HN,86415cb6fffffff,18-24,Treatment
U00113,New,2026-07-31,HN,86415cb5fffffff,35-44,Treatment
U00114,New,2026-07-31,HN,86415ca2fffffff,18-24,Treatment
U00115,New,2026-06-07,HN,8641436a7ffffff,45+,Treatment
U00116,New,2026-08-26,HN,86415cb6fffffff,35-44,Holdout
U00117,New,2026-07-09,HN,86415ca2fffffff,25-34,Treatment
U00118,New,2026-08-02,HN,86415cb67ffffff,45+,Treatment
U00119,New,2026-06-30,HN,86415ca77ffffff,35-44,Treatment
U00120,New,2026-07-04,HN,864143697ffffff,25-34,Treatment
U00121,New,2026-08-17,HN,86415cb4fffffff,35-44,Treatment
U00122,New,2026-08-04,HN,86415cb6fffffff,45+,Treatment
U00123,New,2026-07-16,HN,86415cb5fffffff,18-24,Treatment
U00124,New,2026-08-25,HN,86415cb67ffffff,45+,Treatment
U00125,New,2026-08-03,HN,86415cb47ffffff,25-34,Treatment
U00126,New,2026-08-01,HN,86415ca2fffffff,18-24,Treatment
U00127,New,2026-08-27,HN,864143697ffffff,25-34,Treatment
U00128,New,2026-06-12,HN,86415cb67ffffff,18-24,Treatment
U00129,New,2026-07-24,HN,8641436a7ffffff,18-24,Treatment
U00130,New,2026-06-25,HN,86415cb5fffffff,25-34,Treatment
U00131,New,2026-07-30,HN,86415ca77ffffff,25-34,Treatment
U00132,New,2026-08-18,HN,86415ca77ffffff,25-34,Treatment
U00133,New,2026-07-15,HN,86415ca67ffffff,18-24,Treatment
U00134,New,2026-07-14,HN,86415cb4fffffff,18-24,Treatment
U00135,New,2026-07-02,HN,86415cb47ffffff,25-34,Treatment
U00136,New,2026-06-05,HN,864143697ffffff,25-34,Treatment
U00137,New,2026-06-08,HN,86415cb6fffffff,35-44,Treatment
U00138,New,2026-06-09,HN,86414379fffffff,45+,Treatment
U00139,New,2026-06-09,HN,86415cb5fffffff,35-44,Treatment
U00140,New,2026-07-21,HN,8641436b7ffffff,25-34,Treatment
U00141,New,2026-07-10,HN,86415ca77ffffff,25-34,Treatment
U00142,New,2026-07-08,HN,86415ca77ffffff,45+,Treatment
U00143,New,2026-08-25,HN,86415cb5fffffff,25-34,Holdout
U00144,New,2026-06-26,HN,86415cb6fffffff,25-34,Treatment
U00145,New,2026-08-19,HN,86415ca47ffffff,25-34,Treatment
U00146,New,2026-07-29,HN,86415ca77ffffff,18-24,Treatment
U00147,New,2026-08-22,HN,86415cb47ffffff,18-24,Treatment
U00148,New,2026-06-01,HN,86415cb4fffffff,18-24,Treatment
U00149,New,2026-07-03,HN,86415cb4fffffff,18-24,Holdout
U00150,New,2026-08-07,HN,864143697ffffff,18-24,Treatment
U00151,New,2026-06-16,HN,864143697ffffff,25-34,Treatment
U00152,New,2026-07-16,HN,86415ca2fffffff,25-34,Treatment
U00153,New,2026-06-13,HN,86415ca67ffffff,35-44,Treatment
U00154,New,2026-06-30,HN,86415ca67ffffff,18-24,Treatment
U00155,New,2026-06-30,HN,86415ca2fffffff,18-24,Treatment
U00156,New,2026-07-25,HN,86415cb4fffffff,18-24,Treatment
U00157,New,2026-06-26,HN,864143697ffffff,18-24,Treatment
U00158,New,2026-06-14,HN,86415ca67ffffff,18-24,Treatment
U00159,New,2026-07-23,HN,86415ca67ffffff,25-34,Treatment
U00160,New,2026-07-01,HN,86414369fffffff,18-24,Holdout
U00161,New,2026-06-25,HN,8641436b7ffffff,25-34,Treatment
U00162,New,2026-08-11,HN,86414379fffffff,18-24,Treatment
U00163,New,2026-07-12,HN,86415cb6fffffff,25-34,Treatment
U00164,New,2026-08-10,HN,8641436b7ffffff,25-34,Treatment
U00165,New,2026-08-16,HN,86415ca67ffffff,35-44,Treatment
U00166,New,2026-06-05,HN,86415cb4fffffff,25-34,Treatment
U00167,New,2026-06-22,HN,86415cb4fffffff,18-24,Treatment
U00168,New,2026-07-17,HN,86415cb6fffffff,45+,Treatment
U00169,New,2026-07-01,HN,86414369fffffff,25-34,Treatment
U00170,New,2026-08-19,HN,86415cb6fffffff,35-44,Treatment
U00171,New,2026-07-10,HN,86415cb47ffffff,35-44,Treatment
U00172,New,2026-06-15,HN,864143697ffffff,18-24,Treatment
U00173,New,2026-08-05,HN,86415cb4fffffff,25-34,Holdout
U00174,New,2026-07-01,HN,86415ca67ffffff,35-44,Treatment
U00175,New,2026-08-29,HN,8641436a7ffffff,35-44,Treatment
U00176,New,2026-06-25,HN,86415cb6fffffff,35-44,Holdout
U00177,New,2026-06-23,HN,864143697ffffff,25-34,Treatment
U00178,New,2026-07-28,HN,86415cb67ffffff,25-34,Treatment
U00179,New,2026-06-22,HN,86414379fffffff,35-44,Holdout
U00180,New,2026-07-22,HN,86415cb5fffffff,45+,Treatment
U00181,New,2026-06-18,HN,86415cb6fffffff,25-34,Treatment
U00182,New,2026-06-12,HN,86415cb6fffffff,18-24,Treatment
U00183,New,2026-08-22,HN,86415cb6fffffff,18-24,Treatment
U00184,New,2026-07-03,HN,8641436b7ffffff,18-24,Holdout
U00185,New,2026-06-12,HN,86415cb5fffffff,25-34,Treatment
U00186,New,2026-08-09,HN,86415cb5fffffff,35-44,Treatment
U00187,New,2026-08-02,HN,86415cb6fffffff,25-34,Treatment
U00188,New,2026-06-11,HN,86415cb6fffffff,25-34,Treatment
U00189,New,2026-08-27,HN,86415cb6fffffff,18-24,Treatment
U00190,New,2026-07-31,HN,86414379fffffff,45+,Treatment
U00191,New,2026-06-05,HN,86415cb47ffffff,45+,Treatment
U00192,New,2026-08-21,HN,86415cb6fffffff,35-44,Treatment
U00193,New,2026-06-06,HN,86415cb4fffffff,25-34,Treatment
U00194,New,2026-06-04,HN,864143697ffffff,45+,Treatment
U00195,New,2026-07-22,HN,864143697ffffff,25-34,Holdout
U00196,New,2026-06-18,HN,86415cb57ffffff,25-34,Treatment
U00197,New,2026-08-23,HN,86415cb5fffffff,18-24,Treatment
U00198,New,2026-08-30,HN,86415ca67ffffff,45+,Treatment
U00199,New,2026-07-30,HN,86415ca67ffffff,35-44,Holdout
U00200,New,2026-08-13,HN,86415ca2fffffff,35-44,Treatment
U00201,New,2026-08-16,HN,86415cb5fffffff,35-44,Treatment
U00202,New,2026-06-14,HN,86415ca6fffffff,18-24,Treatment
U00203,New,2026-08-07,HN,86415cb4fffffff,25-34,Treatment
U00204,New,2026-08-20,HN,86414379fffffff,25-34,Treatment
U00205,New,2026-08-20,HN,86415cb6fffffff,18-24,Treatment
U00206,New,2026-07-17,HN,86415cb67ffffff,18-24,Treatment
U00207,New,2026-07-29,HN,86415cb5fffffff,35-44,Treatment
U00208,New,2026-06-08,HN,86415cb4fffffff,18-24,Treatment
U00209,New,2026-07-12,HN,86415ca6fffffff,25-34,Treatment
U00210,New,2026-06-24,HN,86415ca6fffffff,25-34,Treatment
U00211,New,2026-06-29,HN,864143687ffffff,18-24,Treatment
U00212,New,2026-07-15,HN,86415cb4fffffff,25-34,Treatment
U00213,New,2026-08-31,HN,86414379fffffff,18-24,Treatment
U00214,New,2026-08-25,HN,86415ca67ffffff,25-34,Holdout
U00215,New,2026-08-20,HN,86415cb5fffffff,18-24,Treatment
U00216,New,2026-07-31,HN,86415cb5fffffff,18-24,Treatment
U00217,New,2026-06-01,HN,86415cb5fffffff,25-34,Treatment
U00218,New,2026-08-08,HN,86415cb5fffffff,25-34,Treatment
U00219,New,2026-07-23,HN,86415cb6fffffff,25-34,Treatment
U00220,New,2026-08-15,HN,86415cb5fffffff,25-34,Treatment
U00221,New,2026-07-05,HN,86415cb4fffffff,45+,Treatment
U00222,New,2026-07-25,HN,86415ca77ffffff,35-44,Treatment
U00223,New,2026-08-11,HN,86415cb5fffffff,18-24,Treatment
U00224,New,2026-08-17,HN,86415ca67ffffff,35-44,Treatment
U00225,New,2026-08-17,HN,86415cb67ffffff,25-34,Treatment
U00226,New,2026-08-15,HN,864143687ffffff,35-44,Treatment
U00227,New,2026-08-06,HN,86415cb5fffffff,18-24,Holdout
U00228,New,2026-08-04,HN,86415ca67ffffff,18-24,Treatment
U00229,New,2026-06-04,HN,864143697ffffff,35-44,Treatment
U00230,New,2026-06-11,HN,86415cb5fffffff,35-44,Treatment
U00231,New,2026-07-09,HN,86415ca77ffffff,18-24,Treatment
U00232,New,2026-07-09,HN,86415cb4fffffff,18-24,Holdout
U00233,New,2026-06-01,HN,86415cb57ffffff,35-44,Treatment
U00234,New,2026-07-17,HN,86415cb47ffffff,25-34,Treatment
U00235,New,2026-07-21,HN,86415cb47ffffff,45+,Treatment
U00236,New,2026-08-20,HN,864143687ffffff,25-34,Treatment
U00237,New,2026-08-21,HN,8641436a7ffffff,25-34,Holdout
U00238,New,2026-07-24,HN,86415cb5fffffff,25-34,Treatment
U00239,New,2026-06-05,HN,8641436b7ffffff,45+,Treatment
U00240,New,2026-07-16,HN,86415cb4fffffff,35-44,Treatment
U00241,New,2026-08-10,HN,86415cb5fffffff,35-44,Treatment
U00242,New,2026-08-19,HN,86414369fffffff,25-34,Treatment
U00243,New,2026-08-03,HN,86415cb5fffffff,18-24,Treatment
U00244,New,2026-07-20,HN,86415cb57ffffff,45+,Treatment
U00245,New,2026-08-06,HN,86415ca67ffffff,25-34,Treatment
U00246,New,2026-08-10,HN,86415cb4fffffff,45+,Treatment
U00247,New,2026-08-26,HN,8641436b7ffffff,18-24,Holdout
U00248,New,2026-06-23,HN,864143687ffffff,18-24,Treatment
U00249,New,2026-07-04,HN,86415cb67ffffff,25-34,Treatment
U00250,New,2026-06-11,HN,86415cb67ffffff,35-44,Treatment
U00251,New,2026-06-10,HN,86415cb77ffffff,45+,Treatment
U00252,New,2026-08-31,HN,86415cb5fffffff,18-24,Treatment
U00253,New,2026-08-17,HN,86415ca77ffffff,18-24,Treatment
U00254,New,2026-06-06,HN,86415cb67ffffff,18-24,Treatment
U00255,New,2026-06-04,HN,86415cb77ffffff,18-24,Treatment
U00256,New,2026-08-09,HN,86415cb6fffffff,18-24,Treatment
U00257,New,2026-07-04,HN,86414379fffffff,18-24,Treatment
U00258,New,2026-08-23,HN,86415cb5fffffff,18-24,Treatment
U00259,New,2026-07-13,HN,86415cb4fffffff,18-24,Treatment
U00260,New,2026-08-27,HN,8641436b7ffffff,25-34,Treatment
U00261,New,2026-08-22,HN,86415cb67ffffff,25-34,Treatment
U00262,New,2026-08-21,HN,86415cb5fffffff,35-44,Treatment
U00263,New,2026-08-16,HN,86415cb4fffffff,25-34,Treatment
U00264,New,2026-06-08,HN,86415cb4fffffff,18-24,Treatment
U00265,New,2026-07-18,HN,86415ca67ffffff,18-24,Treatment
U00266,New,2026-08-28,HN,86415ca67ffffff,18-24,Treatment
U00267,New,2026-06-01,HN,864143697ffffff,25-34,Treatment
U00268,New,2026-06-15,HN,86415cb4fffffff,18-24,Holdout
U00269,New,2026-06-18,HN,86415ca67ffffff,25-34,Treatment
U00270,New,2026-08-31,HN,86415ca2fffffff,25-34,Treatment
U00271,New,2026-08-26,HN,86415ca67ffffff,25-34,Treatment
U00272,New,2026-08-18,HN,86415ca2fffffff,45+,Holdout
U00273,New,2026-08-19,HN,8641436b7ffffff,25-34,Treatment
U00274,New,2026-07-17,HN,86415cb4fffffff,25-34,Treatment
U00275,New,2026-06-20,HN,86415cb5fffffff,25-34,Treatment
U00276,New,2026-07-15,HN,86415ca67ffffff,25-34,Treatment
U00277,New,2026-08-31,HN,86415cb4fffffff,25-34,Treatment
U00278,New,2026-08-04,HN,86415ca67ffffff,25-34,Treatment
U00279,New,2026-08-05,HN,86415cb5fffffff,25-34,Treatment
U00280,New,2026-06-11,HN,8641436b7ffffff,18-24,Treatment
U00281,New,2026-07-25,HN,86415cb5fffffff,35-44,Treatment
U00282,New,2026-08-14,HN,86415cb4fffffff,25-34,Treatment
U00283,New,2026-07-08,HN,8641436b7ffffff,18-24,Treatment
U00284,New,2026-06-29,HN,86415ca67ffffff,45+,Treatment
U00285,New,2026-07-08,HN,86415cb47ffffff,25-34,Treatment
U00286,New,2026-08-29,HN,86415cb4fffffff,35-44,Treatment
U00287,New,2026-08-17,HN,864143697ffffff,18-24,Treatment
U00288,New,2026-06-25,HN,86415ca77ffffff,35-44,Treatment
U00289,New,2026-08-27,HN,86415cb5fffffff,25-34,Holdout
U00290,New,2026-07-24,HN,86415cb4fffffff,25-34,Treatment
U00291,New,2026-07-14,HN,8641436a7ffffff,25-34,Treatment
U00292,New,2026-07-16,HN,864143697ffffff,45+,Holdout
U00293,New,2026-06-07,HN,86415cb5fffffff,35-44,Treatment
U00294,New,2026-07-18,HN,86415cb57ffffff,35-44,Treatment
U00295,New,2026-07-03,HN,86415ca6fffffff,25-34,Treatment
U00296,New,2026-07-07,HN,86415cb5fffffff,25-34,Treatment
U00297,New,2026-06-16,HN,864143697ffffff,45+,Treatment
U00298,New,2026-08-11,HN,86415cb4fffffff,35-44,Treatment
U00299,New,2026-06-12,HN,86415cb47ffffff,18-24,Treatment
U00300,New,2026-06-06,HN,86415ca2fffffff,18-24,Treatment
U00301,New,2026-08-15,HN,8641436b7ffffff,25-34,Treatment
U00302,New,2026-06-20,HN,86414369fffffff,45+,Treatment
U00303,New,2026-06-02,HN,86415cb5fffffff,18-24,Treatment
U00304,New,2026-08-05,HN,86415ca6fffffff,45+,Treatment
U00305,New,2026-08-24,HN,864143697ffffff,18-24,Treatment
U00306,New,2026-06-04,HN,86415ca47ffffff,35-44,Treatment
U00307,New,2026-07-18,HN,86415ca67ffffff,18-24,Treatment
U00308,New,2026-06-21,HN,86415cb4fffffff,25-34,Treatment
U00309,New,2026-07-05,HN,86415cb67ffffff,25-34,Treatment
U00310,New,2026-07-15,HN,86415cb4fffffff,35-44,Holdout
U00311,New,2026-07-30,HN,86415cb5fffffff,35-44,Treatment
U00312,New,2026-07-12,HN,86415cb4fffffff,45+,Treatment
U00313,New,2026-07-17,HN,86415cb5fffffff,25-34,Holdout
U00314,New,2026-08-30,HN,864143697ffffff,18-24,Treatment
U00315,New,2026-06-13,HN,86415cb47ffffff,45+,Treatment
U00316,New,2026-06-05,HN,864143697ffffff,35-44,Treatment
U00317,New,2026-07-12,HN,86415ca77ffffff,25-34,Holdout
U00318,New,2026-08-03,HN,864143687ffffff,35-44,Treatment
U00319,New,2026-08-20,HN,864143697ffffff,25-34,Treatment
U00320,New,2026-06-15,HN,86415cb5fffffff,25-34,Holdout
U00321,New,2026-07-22,HN,86415cb6fffffff,45+,Treatment
U00322,New,2026-06-25,HN,86415cb5fffffff,25-34,Treatment
U00323,New,2026-06-20,HN,86415cb5fffffff,18-24,Treatment
U00324,New,2026-08-08,HN,864143687ffffff,18-24,Treatment
U00325,New,2026-06-14,HN,864143697ffffff,35-44,Treatment
U00326,New,2026-06-04,HN,86415ca77ffffff,35-44,Treatment
U00327,New,2026-08-16,HN,86415ca67ffffff,18-24,Treatment
U00328,New,2026-07-20,HN,864143697ffffff,18-24,Treatment
U00329,New,2026-06-25,HN,86415cb6fffffff,18-24,Treatment
U00330,New,2026-08-21,HN,86415cb5fffffff,18-24,Treatment
U00331,New,2026-06-12,HN,86415ca67ffffff,18-24,Treatment
U00332,New,2026-08-27,HN,86415cb5fffffff,25-34,Treatment
U00333,New,2026-08-09,HN,86414379fffffff,35-44,Treatment
U00334,New,2026-06-02,HN,86415cb47ffffff,45+,Treatment
U00335,New,2026-07-05,HN,86415ca67ffffff,18-24,Treatment
U00336,New,2026-06-01,HN,86415cb47ffffff,25-34,Treatment
U00337,New,2026-07-17,HN,86415cb5fffffff,25-34,Treatment
U00338,New,2026-07-17,HN,86415cb6fffffff,25-34,Treatment
U00339,New,2026-08-07,HN,86415cb6fffffff,25-34,Treatment
U00340,New,2026-07-05,HN,86415cb4fffffff,25-34,Treatment
U00341,New,2026-07-11,HN,86415cb77ffffff,18-24,Treatment
U00342,New,2026-08-28,HN,86415ca67ffffff,18-24,Treatment
U00343,New,2026-07-21,HN,86415cb5fffffff,18-24,Treatment
U00344,New,2026-07-31,HN,8641436b7ffffff,18-24,Treatment
U00345,New,2026-08-19,HN,8641436a7ffffff,18-24,Treatment
U00346,New,2026-06-26,HN,864143697ffffff,25-34,Treatment
U00347,New,2026-07-04,HN,864143697ffffff,45+,Treatment
U00348,New,2026-08-10,HN,86415cb5fffffff,18-24,Treatment
U00349,New,2026-07-19,HN,86415cb5fffffff,25-34,Treatment
U00350,New,2026-08-24,HN,86415cb5fffffff,25-34,Holdout
U00351,New,2026-06-17,HN,86415cb5fffffff,35-44,Holdout
U00352,New,2026-06-09,HN,86415cb6fffffff,25-34,Treatment
U00353,New,2026-08-10,HN,86415cb67ffffff,25-34,Treatment
U00354,New,2026-07-06,HN,86415ca6fffffff,25-34,Treatment
U00355,New,2026-07-11,HN,86415ca77ffffff,25-34,Treatment
U00356,New,2026-08-14,HN,86415cb67ffffff,35-44,Treatment
U00357,New,2026-07-04,HN,86415cb5fffffff,25-34,Treatment
U00358,New,2026-06-12,HN,86415ca67ffffff,18-24,Treatment
U00359,New,2026-07-28,HN,86415cb6fffffff,35-44,Treatment
U00360,New,2026-08-05,HN,86415cb77ffffff,18-24,Treatment
U00361,New,2026-07-21,HN,86415ca47ffffff,35-44,Holdout
U00362,New,2026-06-15,HN,86415ca77ffffff,45+,Treatment
U00363,New,2026-07-07,HN,86415cb4fffffff,18-24,Treatment
U00364,New,2026-07-12,HN,86415ca67ffffff,18-24,Treatment
U00365,New,2026-07-25,HN,864143697ffffff,25-34,Treatment
U00366,New,2026-08-07,HN,86415cb5fffffff,45+,Treatment
U00367,New,2026-08-25,HN,8641436a7ffffff,25-34,Treatment
U00368,New,2026-07-17,HN,864143697ffffff,18-24,Treatment
U00369,New,2026-07-19,HN,864143697ffffff,18-24,Treatment
U00370,New,2026-07-31,HN,86415cb4fffffff,25-34,Holdout
U00371,New,2026-06-30,HN,864143697ffffff,18-24,Treatment
U00372,New,2026-07-20,HN,86415ca6fffffff,35-44,Treatment
U00373,New,2026-07-14,HN,86415cb5fffffff,35-44,Treatment
U00374,New,2026-08-16,HN,86415cb6fffffff,18-24,Treatment
U00375,New,2026-06-08,HN,86415ca67ffffff,35-44,Treatment
U00376,New,2026-06-13,HN,86415cb67ffffff,35-44,Treatment
U00377,New,2026-08-08,HN,86415cb5fffffff,35-44,Treatment
U00378,New,2026-07-15,HN,864143697ffffff,18-24,Treatment
U00379,New,2026-07-25,HN,86415cb5fffffff,25-34,Treatment
U00380,New,2026-07-06,HN,864143697ffffff,35-44,Treatment
U00381,New,2026-07-31,HN,86415ca67ffffff,25-34,Treatment
U00382,New,2026-07-03,HN,864143697ffffff,25-34,Treatment
U00383,New,2026-06-13,HN,86415cb6fffffff,18-24,Treatment
U00384,New,2026-08-18,HN,86415cb4fffffff,35-44,Treatment
U00385,New,2026-08-24,HN,86415ca67ffffff,35-44,Treatment
U00386,New,2026-07-07,HN,86415cb5fffffff,25-34,Treatment
U00387,New,2026-06-07,HN,86415ca47ffffff,35-44,Treatment
U00388,New,2026-08-30,HN,86415cb6fffffff,18-24,Treatment
U00389,New,2026-07-18,HN,86415cb67ffffff,45+,Treatment
U00390,New,2026-07-02,HN,864143697ffffff,35-44,Treatment
U00391,New,2026-06-26,HN,8641436a7ffffff,25-34,Treatment
U00392,New,2026-08-16,HN,86415cb6fffffff,18-24,Treatment
U00393,New,2026-06-15,HN,86415ca67ffffff,18-24,Treatment
U00394,New,2026-08-09,HN,86415ca2fffffff,45+,Treatment
U00395,New,2026-07-08,HN,86415cb4fffffff,25-34,Treatment
U00396,New,2026-06-11,HN,86415cb4fffffff,25-34,Treatment
U00397,New,2026-06-14,HN,8641436a7ffffff,45+,Treatment
U00398,New,2026-06-04,HN,86415ca67ffffff,25-34,Treatment
U00399,New,2026-08-31,HN,86415cb67ffffff,35-44,Treatment
U00400,New,2026-06-25,HN,86415cb5fffffff,18-24,Treatment
U00401,New,2026-07-01,HN,86415cb4fffffff,18-24,Treatment
U00402,New,2026-07-12,HN,86415ca67ffffff,25-34,Holdout
U00403,New,2026-08-14,HN,86415ca67ffffff,18-24,Holdout
U00404,New,2026-06-10,HN,86415cb4fffffff,45+,Treatment
U00405,New,2026-06-22,HN,864143697ffffff,25-34,Treatment
U00406,New,2026-06-10,HN,86415cb4fffffff,25-34,Treatment
U00407,New,2026-08-07,HN,86415cb6fffffff,45+,Treatment
U00408,New,2026-08-13,HN,86415cb5fffffff,35-44,Treatment
U00409,New,2026-06-14,HN,86415cb77ffffff,45+,Treatment
U00410,New,2026-07-02,HN,86415cb5fffffff,25-34,Treatment
U00411,New,2026-07-18,HN,86415cb5fffffff,18-24,Treatment
U00412,New,2026-07-09,HN,86415ca67ffffff,25-34,Treatment
U00413,New,2026-08-15,HN,86415cb4fffffff,35-44,Treatment
U00414,New,2026-06-22,HN,86415cb5fffffff,18-24,Treatment
U00415,New,2026-06-10,HN,86415ca6fffffff,18-24,Treatment
U00416,New,2026-07-30,HN,86414379fffffff,35-44,Treatment
U00417,New,2026-06-24,HN,864143697ffffff,45+,Treatment
U00418,New,2026-07-19,HN,8641436b7ffffff,35-44,Treatment
U00419,New,2026-07-06,HN,864143687ffffff,35-44,Treatment
U00420,New,2026-06-12,HN,86415ca6fffffff,18-24,Treatment
U00421,New,2026-07-13,HN,86415cb47ffffff,25-34,Treatment
U00422,New,2026-08-22,HN,864143697ffffff,18-24,Treatment
U00423,New,2026-06-26,HN,86415ca47ffffff,35-44,Treatment
U00424,New,2026-06-26,HN,8641436b7ffffff,25-34,Treatment
U00425,New,2026-06-06,HN,8641436a7ffffff,18-24,Treatment
U00426,New,2026-08-20,HN,86415cb5fffffff,18-24,Treatment
U00427,New,2026-06-20,HN,86415cb5fffffff,25-34,Treatment
U00428,New,2026-08-21,HN,86415cb47ffffff,25-34,Treatment
U00429,New,2026-06-26,HN,86415ca67ffffff,25-34,Treatment
U00430,New,2026-08-14,HN,86415cb6fffffff,45+,Treatment
U00431,New,2026-06-30,HN,86415ca67ffffff,18-24,Treatment
U00432,New,2026-08-06,HN,86415cb6fffffff,25-34,Treatment
U00433,New,2026-08-18,HN,86415cb6fffffff,25-34,Treatment
U00434,New,2026-06-27,HN,864143697ffffff,18-24,Holdout
U00435,New,2026-06-13,HN,86415cb4fffffff,18-24,Treatment
U00436,New,2026-08-11,HN,86415cb67ffffff,25-34,Treatment
U00437,New,2026-07-14,HN,8641436b7ffffff,45+,Treatment
U00438,New,2026-08-17,HN,86415ca2fffffff,18-24,Treatment
U00439,New,2026-08-12,HN,86415cb4fffffff,35-44,Treatment
U00440,New,2026-06-23,HN,86415cb6fffffff,45+,Treatment
U00441,New,2026-08-08,HN,864143697ffffff,35-44,Holdout
U00442,New,2026-06-08,HN,86415ca67ffffff,35-44,Treatment
U00443,New,2026-06-16,HN,86415cb5fffffff,25-34,Treatment
U00444,New,2026-06-24,HN,86415cb5fffffff,25-34,Holdout
U00445,New,2026-07-26,HN,86415cb47ffffff,25-34,Treatment
U00446,New,2026-06-12,HN,86415cb4fffffff,25-34,Treatment
U00447,New,2026-07-16,HN,8641436b7ffffff,18-24,Treatment
U00448,New,2026-08-19,HN,864143697ffffff,18-24,Treatment
U00449,New,2026-06-08,HN,86415ca6fffffff,25-34,Treatment
U00450,New,2026-07-07,HN,8641436b7ffffff,25-34,Treatment
U00451,New,2026-06-09,HN,86415ca67ffffff,25-34,Holdout
U00452,New,2026-06-29,HN,86415cb5fffffff,18-24,Treatment
U00453,New,2026-06-04,HN,86415cb57ffffff,18-24,Holdout
U00454,New,2026-08-13,HN,86415ca67ffffff,18-24,Treatment
U00455,New,2026-06-12,HN,86415ca47ffffff,35-44,Treatment
U00456,New,2026-08-18,HN,86415ca67ffffff,18-24,Treatment
U00457,New,2026-07-29,HN,86415cb47ffffff,25-34,Treatment
U00458,New,2026-07-10,HN,86415cb6fffffff,18-24,Treatment
U00459,New,2026-08-26,HN,86415cb57ffffff,25-34,Treatment
U00460,New,2026-08-26,HN,86415cb6fffffff,18-24,Holdout
U00461,New,2026-06-04,HN,86415cb67ffffff,35-44,Treatment
U00462,New,2026-07-05,HN,86415ca2fffffff,45+,Treatment
U00463,New,2026-07-07,HN,8641436b7ffffff,45+,Holdout
U00464,New,2026-06-10,HN,864143697ffffff,25-34,Treatment
U00465,New,2026-06-11,HN,86415ca6fffffff,18-24,Treatment
U00466,New,2026-06-05,HN,86414369fffffff,25-34,Holdout
U00467,New,2026-07-17,HN,86415cb5fffffff,25-34,Treatment
U00468,New,2026-08-05,HN,86415cb4fffffff,25-34,Treatment
U00469,New,2026-08-03,HN,86415ca67ffffff,18-24,Treatment
U00470,New,2026-07-27,HN,86415cb4fffffff,35-44,Treatment
U00471,New,2026-08-23,HN,86415cb4fffffff,35-44,Treatment
U00472,New,2026-06-21,HN,86415cb6fffffff,25-34,Treatment
U00473,New,2026-08-19,HN,8641436a7ffffff,35-44,Treatment
U00474,New,2026-06-02,HN,86415cb6fffffff,35-44,Treatment
U00475,New,2026-08-28,HN,8641436a7ffffff,45+,Treatment
U00476,New,2026-08-18,HN,86415cb77ffffff,35-44,Holdout
U00477,New,2026-07-27,HN,864143697ffffff,18-24,Treatment
U00478,New,2026-08-01,HN,86415ca67ffffff,35-44,Treatment
U00479,New,2026-08-16,HN,86414369fffffff,25-34,Treatment
U00480,New,2026-08-26,HN,86415cb4fffffff,18-24,Treatment
U00481,New,2026-07-12,HN,86414379fffffff,25-34,Treatment
U00482,New,2026-07-02,HN,86415cb6fffffff,25-34,Treatment
U00483,New,2026-08-19,HN,864143697ffffff,25-34,Treatment
U00484,New,2026-06-21,HN,86415cb4fffffff,18-24,Treatment
U00485,New,2026-07-23,HN,86415cb5fffffff,25-34,Treatment
U00486,New,2026-08-10,HN,8641436a7ffffff,45+,Holdout
U00487,New,2026-07-14,HN,86415cb4fffffff,18-24,Treatment
U00488,New,2026-06-13,HN,86415cb6fffffff,45+,Holdout
U00489,New,2026-08-14,HN,86415cb47ffffff,25-34,Treatment
U00490,New,2026-06-01,HN,86415cb5fffffff,35-44,Treatment
U00491,New,2026-06-27,HN,86415cb67ffffff,35-44,Treatment
U00492,New,2026-07-18,HN,864143697ffffff,25-34,Treatment
U00493,New,2026-08-26,HN,86415cb4fffffff,18-24,Holdout
U00494,New,2026-07-06,HN,86415ca67ffffff,18-24,Treatment
U00495,New,2026-06-30,HN,86415cb4fffffff,45+,Treatment
U00496,New,2026-06-29,HN,86415cb5fffffff,18-24,Treatment
U00497,New,2026-07-07,HN,86415cb6fffffff,18-24,Treatment
U00498,New,2026-06-21,HN,86415ca67ffffff,25-34,Treatment
U00499,New,2026-08-09,HN,86415cb57ffffff,35-44,Holdout
U00500,New,2026-08-30,HN,86415cb47ffffff,18-24,Treatment
U00501,New,2026-07-07,HN,86415cb67ffffff,25-34,Treatment
U00502,New,2026-06-24,HN,86415cb4fffffff,18-24,Treatment
U00503,New,2026-07-09,HN,86415ca6fffffff,25-34,Treatment
U00504,New,2026-07-07,HN,86415cb57ffffff,25-34,Treatment
U00505,New,2026-08-08,HN,86415cb67ffffff,25-34,Treatment
U00506,New,2026-07-24,HN,86415cb5fffffff,25-34,Treatment
U00507,New,2026-08-01,HN,86415cb6fffffff,18-24,Holdout
U00508,New,2026-08-18,HN,86415ca67ffffff,25-34,Treatment
U00509,New,2026-08-07,HN,86415ca67ffffff,25-34,Treatment
U00510,New,2026-08-05,HN,8641436a7ffffff,35-44,Treatment
U00511,New,2026-06-25,HN,86415ca67ffffff,18-24,Treatment
U00512,New,2026-06-30,HN,86415ca47ffffff,45+,Treatment
U00513,New,2026-06-08,HN,86415ca67ffffff,18-24,Holdout
U00514,New,2026-06-24,HN,86415cb6fffffff,25-34,Treatment
U00515,New,2026-08-28,HN,86415cb5fffffff,25-34,Treatment
U00516,New,2026-06-07,HN,864143687ffffff,18-24,Treatment
U00517,New,2026-06-18,HN,86415cb4fffffff,25-34,Treatment
U00518,New,2026-07-02,HN,86415cb5fffffff,45+,Treatment
U00519,New,2026-08-22,HN,86415ca67ffffff,25-34,Treatment
U00520,New,2026-07-03,HN,864143697ffffff,25-34,Treatment
U00521,New,2026-06-24,HN,86415ca77ffffff,35-44,Treatment
U00522,New,2026-07-23,HN,8641436a7ffffff,18-24,Treatment
U00523,New,2026-06-18,HN,86415cb5fffffff,25-34,Treatment
U00524,New,2026-08-30,HN,864143697ffffff,18-24,Treatment
U00525,New,2026-06-19,HN,86415cb5fffffff,18-24,Treatment
U00526,New,2026-07-13,HN,86415ca77ffffff,25-34,Treatment
U00527,New,2026-06-21,HN,86415ca47ffffff,18-24,Treatment
U00528,New,2026-06-19,HN,864143697ffffff,25-34,Treatment
U00529,New,2026-07-24,HN,8641436b7ffffff,18-24,Treatment
U00530,New,2026-08-12,HN,86415cb4fffffff,25-34,Treatment
U00531,New,2026-07-02,HN,86415cb67ffffff,35-44,Treatment
U00532,New,2026-08-30,HN,86415cb6fffffff,35-44,Treatment
U00533,New,2026-07-29,HN,86415cb57ffffff,18-24,Treatment
U00534,New,2026-07-11,HN,8641436a7ffffff,35-44,Holdout
U00535,New,2026-06-06,HN,86415cb5fffffff,25-34,Treatment
U00536,New,2026-06-03,HN,864143697ffffff,18-24,Treatment
U00537,New,2026-08-26,HN,86415cb5fffffff,35-44,Treatment
U00538,New,2026-06-06,HN,86415ca77ffffff,35-44,Treatment
U00539,New,2026-07-24,HN,86415ca6fffffff,45+,Treatment
U00540,New,2026-07-09,HN,864143697ffffff,35-44,Treatment
U00541,New,2026-06-06,HN,86415cb4fffffff,18-24,Treatment
U00542,New,2026-07-07,HN,864143697ffffff,18-24,Treatment
U00543,New,2026-06-08,HN,864143697ffffff,18-24,Treatment
U00544,New,2026-08-25,HN,86415cb57ffffff,25-34,Treatment
U00545,New,2026-07-13,HN,86415ca6fffffff,25-34,Treatment
U00546,New,2026-06-26,HN,86415cb6fffffff,25-34,Treatment
U00547,New,2026-08-13,HN,86415cb5fffffff,18-24,Treatment
U00548,New,2026-06-29,HN,864143697ffffff,25-34,Treatment
U00549,New,2026-07-07,HN,86415cb5fffffff,45+,Treatment
U00550,New,2026-07-11,HN,86415ca77ffffff,18-24,Treatment
U00551,New,2026-07-23,HN,86415cb67ffffff,18-24,Treatment
U00552,New,2026-07-10,HN,8641436b7ffffff,18-24,Treatment
U00553,New,2026-06-10,HN,864143697ffffff,25-34,Treatment
U00554,New,2026-07-11,HN,86415cb4fffffff,18-24,Treatment
U00555,New,2026-07-14,HN,86415cb6fffffff,35-44,Treatment
U00556,New,2026-07-16,HN,864143697ffffff,25-34,Treatment
U00557,New,2026-07-06,HN,8641436b7ffffff,25-34,Treatment
U00558,New,2026-07-21,HN,86415ca2fffffff,18-24,Treatment
U00559,New,2026-06-11,HN,86415cb4fffffff,45+,Holdout
U00560,New,2026-08-15,HN,86415ca6fffffff,25-34,Treatment
U00561,New,2026-08-27,HN,86415ca6fffffff,25-34,Treatment
U00562,New,2026-06-09,HN,864143697ffffff,18-24,Holdout
U00563,New,2026-06-06,HN,86415cb5fffffff,18-24,Treatment
U00564,New,2026-08-28,HN,864143697ffffff,45+,Treatment
U00565,New,2026-08-25,HN,8641436a7ffffff,25-34,Treatment
U00566,New,2026-06-22,HN,86415cb6fffffff,18-24,Treatment
U00567,New,2026-06-22,HN,86414369fffffff,35-44,Treatment
U00568,New,2026-06-07,HN,86415cb4fffffff,35-44,Holdout
U00569,New,2026-08-16,HN,86415cb67ffffff,18-24,Treatment
U00570,New,2026-07-05,HN,86415cb5fffffff,45+,Treatment
U00571,New,2026-07-30,HN,8641436b7ffffff,18-24,Treatment
U00572,New,2026-07-08,HN,86414379fffffff,25-34,Treatment
U00573,New,2026-07-18,HN,86415ca67ffffff,45+,Treatment
U00574,New,2026-08-01,HN,86415ca67ffffff,25-34,Treatment
U00575,New,2026-07-28,HN,86415ca67ffffff,25-34,Treatment
U00576,New,2026-07-06,HN,864143687ffffff,35-44,Treatment
U00577,New,2026-08-19,HN,86415ca77ffffff,25-34,Treatment
U00578,New,2026-08-07,HN,86415ca2fffffff,25-34,Treatment
U00579,New,2026-08-23,HN,86415cb6fffffff,25-34,Treatment
U00580,New,2026-06-09,HN,86415ca67ffffff,35-44,Treatment
U00581,New,2026-07-10,HN,86415cb6fffffff,35-44,Treatment
U00582,New,2026-07-23,HN,86415ca77ffffff,18-24,Treatment
U00583,New,2026-06-08,HN,86415cb4fffffff,45+,Treatment
U00584,New,2026-08-02,HN,86415cb6fffffff,18-24,Treatment
U00585,New,2026-08-06,HN,86415cb6fffffff,25-34,Treatment
U00586,New,2026-07-13,HN,86415cb47ffffff,25-34,Treatment
U00587,New,2026-07-22,HN,86415ca67ffffff,18-24,Treatment
U00588,New,2026-08-06,HN,86415cb5fffffff,18-24,Treatment
U00589,New,2026-08-02,HN,86415ca47ffffff,18-24,Treatment
U00590,New,2026-06-13,HN,86414379fffffff,18-24,Treatment
U00591,New,2026-07-23,HN,864143697ffffff,45+,Treatment
U00592,New,2026-06-04,HN,86415ca2fffffff,18-24,Holdout
U00593,New,2026-07-21,HN,86415ca67ffffff,25-34,Holdout
U00594,New,2026-06-12,HN,86414379fffffff,18-24,Treatment
U00595,New,2026-08-19,HN,86415ca67ffffff,18-24,Treatment
U00596,New,2026-08-20,HN,86415cb5fffffff,25-34,Treatment
U00597,New,2026-08-06,HN,86415cb5fffffff,18-24,Treatment
U00598,New,2026-07-20,HN,8641436b7ffffff,45+,Treatment
U00599,New,2026-07-07,HN,86415cb4fffffff,18-24,Treatment
U00600,New,2026-08-16,HN,864143697ffffff,35-44,Treatment
U00601,New,2026-07-16,HN,86415cb5fffffff,25-34,Treatment
U00602,New,2026-06-09,HN,86415ca47ffffff,25-34,Treatment
U00603,New,2026-07-08,HN,86415ca6fffffff,35-44,Treatment
U00604,New,2026-08-28,HN,86415cb5fffffff,18-24,Treatment
U00605,New,2026-08-27,HN,86415cb5fffffff,35-44,Treatment
U00606,New,2026-07-30,HN,86415cb5fffffff,35-44,Treatment
U00607,New,2026-08-02,HN,86415cb6fffffff,45+,Treatment
U00608,New,2026-06-25,HN,86415cb6fffffff,25-34,Treatment
U00609,New,2026-06-19,HN,86415ca2fffffff,25-34,Treatment
U00610,New,2026-06-15,HN,86415ca67ffffff,35-44,Treatment
U00611,New,2026-07-29,HN,864143697ffffff,18-24,Treatment
U00612,New,2026-08-30,HN,86415cb5fffffff,18-24,Holdout
U00613,New,2026-06-15,HN,86415cb6fffffff,35-44,Treatment
U00614,New,2026-08-06,HN,86415cb57ffffff,35-44,Treatment
U00615,New,2026-08-09,HN,86415cb4fffffff,18-24,Treatment
U00616,New,2026-08-14,HN,86415ca67ffffff,25-34,Treatment
U00617,New,2026-06-02,HN,86415ca77ffffff,45+,Treatment
U00618,New,2026-07-02,HN,8641436b7ffffff,35-44,Treatment
U00619,New,2026-07-02,HN,8641436b7ffffff,35-44,Treatment
U00620,New,2026-07-25,HN,86415cb4fffffff,18-24,Treatment
U00621,New,2026-08-01,HN,864143697ffffff,25-34,Treatment
U00622,New,2026-08-14,HN,864143697ffffff,25-34,Holdout
U00623,New,2026-06-16,HN,86415cb6fffffff,18-24,Treatment
U00624,New,2026-07-29,HN,86415cb5fffffff,25-34,Treatment
U00625,New,2026-08-24,HN,86415cb4fffffff,35-44,Treatment
U00626,New,2026-06-18,HN,86415ca67ffffff,18-24,Treatment
U00627,New,2026-07-14,HN,86415cb4fffffff,25-34,Treatment
U00628,New,2026-08-19,HN,86415cb67ffffff,18-24,Treatment
U00629,New,2026-08-16,HN,864143697ffffff,35-44,Treatment
U00630,New,2026-07-09,HN,86415cb67ffffff,35-44,Treatment
U00631,New,2026-08-16,HN,86415cb5fffffff,25-34,Treatment
U00632,New,2026-08-02,HN,86415cb47ffffff,25-34,Treatment
U00633,New,2026-08-30,HN,8641436b7ffffff,18-24,Treatment
U00634,New,2026-06-25,HN,864143697ffffff,25-34,Treatment
U00635,New,2026-08-05,HN,86415cb47ffffff,35-44,Treatment
U00636,New,2026-07-26,HN,86415cb6fffffff,18-24,Treatment
U00637,New,2026-07-23,HN,86415ca77ffffff,18-24,Holdout
U00638,New,2026-07-18,HN,86415cb6fffffff,35-44,Treatment
U00639,New,2026-08-15,HN,86415ca67ffffff,35-44,Treatment
U00640,New,2026-07-31,HN,86415cb5fffffff,45+,Treatment
U00641,New,2026-06-23,HN,86415cb47ffffff,35-44,Treatment
U00642,New,2026-08-13,HN,86415cb5fffffff,45+,Treatment
U00643,New,2026-06-26,HN,86415ca2fffffff,45+,Treatment
U00644,New,2026-07-24,HN,86415cb4fffffff,35-44,Treatment
U00645,New,2026-07-01,HN,86415cb5fffffff,35-44,Treatment
U00646,New,2026-06-30,HN,86415cb5fffffff,18-24,Holdout
U00647,New,2026-07-25,HN,86415cb5fffffff,18-24,Treatment
U00648,New,2026-07-16,HN,864143697ffffff,18-24,Holdout
U00649,New,2026-07-21,HN,8641436b7ffffff,25-34,Treatment
U00650,New,2026-07-25,HN,86415cb5fffffff,18-24,Treatment
U00651,New,2026-06-17,HN,86415ca77ffffff,18-24,Treatment
U00652,New,2026-07-03,HN,86415cb5fffffff,35-44,Treatment
U00653,New,2026-06-07,HN,86415cb4fffffff,35-44,Treatment
U00654,New,2026-07-16,HN,86415ca67ffffff,25-34,Treatment
U00655,New,2026-06-17,HN,86415ca67ffffff,25-34,Treatment
U00656,New,2026-06-23,HN,86415cb67ffffff,45+,Treatment
U00657,New,2026-08-06,HN,86415ca77ffffff,25-34,Treatment
U00658,New,2026-06-02,HN,86414369fffffff,25-34,Treatment
U00659,New,2026-08-29,HN,86415cb4fffffff,25-34,Holdout
U00660,New,2026-07-26,HN,864143697ffffff,18-24,Treatment
U00661,New,2026-07-22,HN,86415cb47ffffff,18-24,Treatment
U00662,New,2026-08-31,HN,86415cb6fffffff,18-24,Holdout
U00663,New,2026-06-30,HN,86415cb67ffffff,25-34,Treatment
U00664,New,2026-08-28,HN,86415cb6fffffff,25-34,Treatment
U00665,New,2026-08-27,HN,86415cb5fffffff,25-34,Treatment
U00666,New,2026-07-31,HN,86415cb47ffffff,18-24,Treatment
U00667,New,2026-08-22,HN,8641436a7ffffff,18-24,Treatment
U00668,New,2026-06-06,HN,86415ca6fffffff,35-44,Treatment
U00669,New,2026-06-18,HN,86415ca67ffffff,18-24,Treatment
U00670,New,2026-06-20,HN,86415ca77ffffff,25-34,Treatment
U00671,New,2026-06-01,HN,86415ca6fffffff,18-24,Treatment
U00672,New,2026-06-28,HN,86415cb4fffffff,35-44,Treatment
U00673,New,2026-08-23,HN,86414379fffffff,18-24,Treatment
U00674,New,2026-06-16,HN,86415cb47ffffff,18-24,Treatment
U00675,New,2026-08-25,HN,86415cb5fffffff,25-34,Treatment
U00676,New,2026-07-09,HN,86415ca67ffffff,35-44,Treatment
U00677,New,2026-08-03,HN,86415cb47ffffff,25-34,Treatment
U00678,New,2026-07-21,HN,86415ca67ffffff,45+,Treatment
U00679,New,2026-08-02,HN,86415ca6fffffff,18-24,Treatment
U00680,New,2026-07-15,HN,86415ca2fffffff,18-24,Treatment
U00681,New,2026-06-22,HN,86415cb4fffffff,25-34,Treatment
U00682,New,2026-07-25,HN,86415ca2fffffff,25-34,Treatment
U00683,New,2026-08-16,HN,86415ca6fffffff,25-34,Treatment
U00684,New,2026-06-04,HN,86415cb4fffffff,35-44,Treatment
U00685,New,2026-07-16,HN,86415cb5fffffff,25-34,Treatment
U00686,New,2026-08-09,HN,86415ca67ffffff,25-34,Treatment
U00687,New,2026-07-08,HN,86415ca6fffffff,25-34,Treatment
U00688,New,2026-07-22,HN,86415ca67ffffff,18-24,Treatment
U00689,New,2026-06-20,HN,864143697ffffff,25-34,Treatment
U00690,New,2026-06-08,HN,86415cb4fffffff,25-34,Treatment
U00691,New,2026-06-05,HN,864143697ffffff,18-24,Holdout
U00692,New,2026-07-27,HN,86415ca67ffffff,35-44,Treatment
U00693,New,2026-08-21,HN,86415cb4fffffff,45+,Treatment
U00694,New,2026-08-24,HN,86415cb57ffffff,35-44,Treatment
U00695,New,2026-06-30,HN,8641436b7ffffff,25-34,Holdout
U00696,New,2026-08-01,HN,8641436a7ffffff,25-34,Treatment
U00697,New,2026-06-29,HN,86415cb5fffffff,18-24,Treatment
U00698,New,2026-08-31,HN,86415cb5fffffff,25-34,Treatment
U00699,New,2026-06-15,HN,86415cb57ffffff,45+,Treatment
U00700,New,2026-06-10,HN,8641436a7ffffff,35-44,Treatment
U00701,New,2026-08-13,HN,86415cb5fffffff,45+,Treatment
U00702,New,2026-08-18,HN,86415ca67ffffff,25-34,Treatment
U00703,New,2026-08-22,HN,8641436b7ffffff,35-44,Treatment
U00704,New,2026-06-30,HN,864143697ffffff,35-44,Treatment
U00705,New,2026-06-16,HN,86415cb67ffffff,45+,Treatment
U00706,New,2026-08-18,HN,864143697ffffff,18-24,Treatment
U00707,New,2026-06-07,HN,86415cb6fffffff,25-34,Holdout
U00708,New,2026-06-21,HN,86415cb5fffffff,45+,Holdout
U00709,New,2026-08-12,HN,86415ca2fffffff,18-24,Treatment
U00710,New,2026-08-20,HN,86415cb4fffffff,45+,Treatment
U00711,New,2026-06-24,HN,86415ca67ffffff,45+,Treatment
U00712,New,2026-06-20,HN,86415cb5fffffff,35-44,Treatment
U00713,New,2026-08-26,HN,864143697ffffff,35-44,Treatment
U00714,New,2026-07-20,HN,86415ca2fffffff,35-44,Treatment
U00715,New,2026-07-20,HN,86415cb5fffffff,25-34,Treatment
U00716,New,2026-06-14,HN,864143687ffffff,18-24,Treatment
U00717,New,2026-08-31,HN,86415cb5fffffff,35-44,Treatment
U00718,New,2026-06-01,HN,864143697ffffff,18-24,Treatment
U00719,New,2026-08-01,HN,864143697ffffff,18-24,Treatment
U00720,New,2026-07-21,HN,86415ca67ffffff,35-44,Treatment
U00721,New,2026-08-12,HN,86415cb5fffffff,18-24,Treatment
U00722,New,2026-07-31,HN,86415cb47ffffff,25-34,Treatment
U00723,New,2026-07-21,HN,86415ca2fffffff,25-34,Holdout
U00724,New,2026-07-30,HN,86415cb5fffffff,25-34,Treatment
U00725,New,2026-07-21,HN,864143697ffffff,18-24,Treatment
U00726,New,2026-08-25,HN,86415ca67ffffff,35-44,Treatment
U00727,New,2026-07-20,HN,86415cb5fffffff,18-24,Treatment
U00728,New,2026-07-13,HN,86415cb4fffffff,45+,Treatment
U00729,New,2026-08-15,HN,86415cb4fffffff,18-24,Treatment
U00730,New,2026-06-26,HN,8641436a7ffffff,35-44,Treatment
U00731,New,2026-06-10,HN,86415cb6fffffff,25-34,Treatment
U00732,New,2026-06-09,HN,8641436b7ffffff,25-34,Treatment
U00733,New,2026-07-26,HN,86415ca67ffffff,18-24,Treatment
U00734,New,2026-06-23,HN,864143697ffffff,25-34,Treatment
U00735,New,2026-08-08,HN,864143687ffffff,25-34,Treatment
U00736,New,2026-06-21,HN,86415ca6fffffff,45+,Holdout
U00737,New,2026-08-14,HN,86414369fffffff,45+,Treatment
U00738,New,2026-08-31,HN,864143697ffffff,18-24,Treatment
U00739,New,2026-07-07,HN,86415cb67ffffff,35-44,Treatment
U00740,New,2026-06-05,HN,86415cb5fffffff,25-34,Holdout
U00741,New,2026-06-11,HN,86415cb4fffffff,25-34,Treatment
U00742,New,2026-06-20,HN,86415cb4fffffff,18-24,Treatment
U00743,New,2026-08-13,HN,86415ca6fffffff,18-24,Treatment
U00744,New,2026-08-22,HN,86414369fffffff,25-34,Treatment
U00745,New,2026-06-06,HN,86415cb5fffffff,25-34,Treatment
U00746,New,2026-07-25,HN,8641436b7ffffff,18-24,Treatment
U00747,New,2026-08-21,HN,864143697ffffff,45+,Treatment
U00748,New,2026-07-30,HN,86415cb4fffffff,45+,Treatment
U00749,New,2026-08-08,HN,86415ca2fffffff,35-44,Holdout
U00750,New,2026-06-25,HN,86415cb6fffffff,18-24,Treatment
U00751,New,2026-07-21,HN,86415cb5fffffff,35-44,Treatment
U00752,New,2026-06-04,HN,86415cb4fffffff,25-34,Treatment
U00753,New,2026-08-11,HN,86414369fffffff,35-44,Treatment
U00754,New,2026-08-23,HN,864143697ffffff,35-44,Treatment
U00755,New,2026-07-13,HN,86415cb4fffffff,18-24,Treatment
U00756,New,2026-06-12,HN,86415cb4fffffff,35-44,Treatment
U00757,New,2026-08-19,HN,86415cb5fffffff,25-34,Treatment
U00758,New,2026-08-03,HN,86415cb6fffffff,25-34,Treatment
U00759,New,2026-08-28,HN,86415cb47ffffff,18-24,Treatment
U00760,New,2026-06-18,HN,86415cb67ffffff,25-34,Treatment
U00761,New,2026-07-24,HN,86415cb4fffffff,25-34,Treatment
U00762,New,2026-07-27,HN,86415cb5fffffff,25-34,Treatment
U00763,New,2026-08-09,HN,86415cb4fffffff,25-34,Treatment
U00764,New,2026-07-29,HN,86415cb6fffffff,18-24,Treatment
U00765,New,2026-08-13,HN,86414379fffffff,18-24,Treatment
U00766,New,2026-07-16,HN,86415ca67ffffff,35-44,Treatment
U00767,New,2026-08-10,HN,86415ca6fffffff,35-44,Treatment
U00768,New,2026-08-08,HN,86415cb67ffffff,45+,Treatment
U00769,New,2026-07-21,HN,86415cb67ffffff,25-34,Treatment
U00770,New,2026-06-04,HN,86415cb6fffffff,45+,Treatment
U00771,New,2026-07-02,HN,86415cb6fffffff,45+,Treatment
U00772,New,2026-06-20,HN,864143697ffffff,25-34,Treatment
U00773,New,2026-06-02,HN,86415cb67ffffff,35-44,Treatment
U00774,New,2026-06-04,HN,86415ca6fffffff,18-24,Treatment
U00775,New,2026-08-04,HN,86415cb57ffffff,45+,Treatment
U00776,New,2026-08-28,HN,86415ca67ffffff,18-24,Treatment
U00777,New,2026-07-20,HN,86415ca67ffffff,45+,Holdout
U00778,New,2026-07-25,HN,86415cb4fffffff,25-34,Treatment
U00779,New,2026-08-10,HN,86415ca67ffffff,25-34,Holdout
U00780,New,2026-06-22,HN,86415cb77ffffff,45+,Holdout
U00781,New,2026-08-06,HN,86415cb4fffffff,25-34,Holdout
U00782,New,2026-08-01,HN,86415ca6fffffff,35-44,Treatment
U00783,New,2026-07-19,HN,86414379fffffff,18-24,Treatment
U00784,New,2026-07-07,HN,86415cb5fffffff,25-34,Treatment
U00785,New,2026-08-08,HN,86415cb5fffffff,25-34,Treatment
U00786,New,2026-06-17,HN,86414379fffffff,35-44,Treatment
U00787,New,2026-06-04,HN,86415ca2fffffff,18-24,Treatment
U00788,New,2026-08-23,HN,86415cb6fffffff,18-24,Treatment
U00789,New,2026-06-27,HN,8641436b7ffffff,25-34,Treatment
U00790,New,2026-07-23,HN,86415ca67ffffff,45+,Treatment
U00791,New,2026-06-28,HN,86415cb5fffffff,25-34,Treatment
U00792,New,2026-07-15,HN,86415cb4fffffff,25-34,Treatment
U00793,New,2026-06-16,HN,864143697ffffff,18-24,Treatment
U00794,New,2026-06-22,HN,864143697ffffff,45+,Treatment
U00795,New,2026-06-30,HN,86415cb4fffffff,35-44,Treatment
U00796,New,2026-08-18,HN,86415cb77ffffff,35-44,Holdout
U00797,New,2026-06-18,HN,86415ca2fffffff,18-24,Treatment
U00798,New,2026-06-08,HN,86415ca2fffffff,18-24,Treatment
U00799,New,2026-06-05,HN,864143697ffffff,25-34,Treatment
U00800,New,2026-07-14,HN,86415ca67ffffff,18-24,Holdout
U00801,New,2026-08-27,HN,86415cb47ffffff,18-24,Holdout
U00802,New,2026-06-03,HN,86415cb6fffffff,18-24,Treatment
U00803,New,2026-07-05,HN,86415cb5fffffff,45+,Treatment
U00804,New,2026-08-10,HN,86415cb47ffffff,35-44,Treatment
U00805,New,2026-07-30,HN,86415ca67ffffff,25-34,Treatment
U00806,New,2026-06-22,HN,864143697ffffff,18-24,Treatment
U00807,New,2026-07-28,HN,86415ca2fffffff,35-44,Treatment
U00808,New,2026-06-16,HN,86415cb4fffffff,25-34,Treatment
U00809,New,2026-06-15,HN,86414379fffffff,35-44,Treatment
U00810,New,2026-06-11,HN,8641436a7ffffff,25-34,Treatment
U00811,New,2026-08-17,HN,86415cb4fffffff,18-24,Treatment
U00812,New,2026-07-13,HN,86415ca67ffffff,35-44,Treatment
U00813,New,2026-08-29,HN,864143697ffffff,45+,Treatment
U00814,New,2026-06-07,HN,86415ca67ffffff,25-34,Treatment
U00815,New,2026-06-26,HN,86415cb6fffffff,45+,Treatment
U00816,New,2026-06-14,HN,86415cb6fffffff,25-34,Holdout
U00817,New,2026-08-12,HN,86415ca67ffffff,18-24,Treatment
U00818,New,2026-06-13,HN,86415cb57ffffff,25-34,Treatment
U00819,New,2026-08-07,HN,86415cb5fffffff,35-44,Treatment
U00820,New,2026-07-02,HN,86415cb4fffffff,25-34,Treatment
U00821,New,2026-08-08,HN,86415ca6fffffff,35-44,Treatment
U00822,New,2026-07-25,HN,86415ca67ffffff,25-34,Treatment
U00823,New,2026-06-13,HN,86414369fffffff,18-24,Treatment
U00824,New,2026-08-03,HN,86415cb47ffffff,18-24,Treatment
U00825,New,2026-08-06,HN,86415cb4fffffff,18-24,Treatment
U00826,New,2026-07-22,HN,86415cb5fffffff,35-44,Treatment
U00827,New,2026-06-09,HN,86415cb5fffffff,18-24,Treatment
U00828,New,2026-06-24,HN,86415cb4fffffff,18-24,Treatment
U00829,New,2026-06-26,HN,8641436a7ffffff,18-24,Treatment
U00830,New,2026-06-21,HN,86415cb5fffffff,35-44,Treatment
U00831,New,2026-08-02,HN,86415cb6fffffff,25-34,Treatment
U00832,New,2026-06-14,HN,86415cb4fffffff,18-24,Treatment
U00833,New,2026-07-06,HN,86415ca2fffffff,25-34,Treatment
U00834,New,2026-07-16,HN,86415cb4fffffff,25-34,Treatment
U00835,New,2026-07-26,HN,86415cb67ffffff,35-44,Treatment
U00836,New,2026-07-10,HN,86414379fffffff,45+,Treatment
U00837,New,2026-07-07,HN,86415ca47ffffff,25-34,Treatment
U00838,New,2026-08-14,HN,86415cb4fffffff,18-24,Treatment
U00839,New,2026-07-12,HN,86415ca67ffffff,35-44,Treatment
U00840,New,2026-07-12,HN,86415cb5fffffff,18-24,Treatment
U00841,New,2026-07-19,HN,864143697ffffff,18-24,Treatment
U00842,New,2026-06-02,HN,86415cb5fffffff,18-24,Treatment
U00843,New,2026-06-16,HN,86415ca67ffffff,18-24,Treatment
U00844,New,2026-06-23,HN,86415cb5fffffff,18-24,Treatment
U00845,New,2026-06-05,HN,86415cb47ffffff,25-34,Holdout
U00846,New,2026-07-25,HN,86415ca2fffffff,25-34,Treatment
U00847,New,2026-06-15,HN,86415ca67ffffff,18-24,Treatment
U00848,New,2026-08-16,HN,86415cb47ffffff,25-34,Treatment
U00849,New,2026-07-19,HN,86415cb6fffffff,45+,Treatment
U00850,New,2026-07-10,HN,86415cb47ffffff,35-44,Treatment
U00851,New,2026-06-29,HN,8641436b7ffffff,35-44,Treatment
U00852,New,2026-08-28,HN,864143697ffffff,25-34,Treatment
U00853,New,2026-06-16,HN,86415ca67ffffff,25-34,Treatment
U00854,New,2026-08-29,HN,86415cb4fffffff,45+,Treatment
U00855,New,2026-06-19,HN,86415cb67ffffff,45+,Treatment
U00856,New,2026-06-04,HN,864143697ffffff,45+,Treatment
U00857,New,2026-08-02,HN,86415cb57ffffff,18-24,Treatment
U00858,New,2026-08-12,HN,864143697ffffff,35-44,Treatment
U00859,New,2026-06-30,HN,86415ca67ffffff,25-34,Treatment
U00860,New,2026-07-15,HN,8641436b7ffffff,35-44,Treatment
U00861,New,2026-07-14,HN,86415cb5fffffff,18-24,Treatment
U00862,New,2026-08-11,HN,86415cb57ffffff,35-44,Treatment
U00863,New,2026-07-27,HN,86415cb4fffffff,25-34,Treatment
U00864,New,2026-08-10,HN,86415cb5fffffff,35-44,Treatment
U00865,New,2026-06-17,HN,86415ca67ffffff,35-44,Treatment
U00866,New,2026-08-24,HN,86415ca67ffffff,18-24,Treatment
U00867,New,2026-08-22,HN,8641436b7ffffff,25-34,Treatment
U00868,New,2026-08-25,HN,86415cb5fffffff,25-34,Treatment
U00869,New,2026-06-09,HN,86415cb5fffffff,18-24,Treatment
U00870,New,2026-07-04,HN,86415ca67ffffff,35-44,Treatment
U00871,New,2026-08-15,HN,86415cb5fffffff,25-34,Treatment
U00872,New,2026-08-04,HN,86415cb4fffffff,18-24,Treatment
U00873,New,2026-07-26,HN,86415cb4fffffff,18-24,Treatment
U00874,New,2026-07-03,HN,86415cb5fffffff,25-34,Treatment
U00875,New,2026-06-25,HN,86415cb47ffffff,25-34,Treatment
U00876,New,2026-06-02,HN,86415ca67ffffff,35-44,Holdout
U00877,New,2026-06-18,HN,8641436b7ffffff,35-44,Treatment
U00878,New,2026-07-23,HN,86415cb4fffffff,25-34,Treatment
U00879,New,2026-07-31,HN,86415cb5fffffff,25-34,Treatment
U00880,New,2026-06-25,HN,86415cb4fffffff,18-24,Treatment
U00881,New,2026-07-13,HN,864143697ffffff,18-24,Holdout
U00882,New,2026-06-03,HN,864143697ffffff,25-34,Treatment
U00883,New,2026-08-11,HN,86415cb67ffffff,18-24,Treatment
U00884,New,2026-07-05,HN,86415ca67ffffff,25-34,Treatment
U00885,New,2026-07-28,HN,86415cb5fffffff,25-34,Treatment
U00886,New,2026-08-05,HN,86415ca67ffffff,18-24,Treatment
U00887,New,2026-08-25,HN,864143697ffffff,18-24,Treatment
U00888,New,2026-06-27,HN,86415cb5fffffff,45+,Treatment
U00889,New,2026-07-21,HN,86415ca2fffffff,18-24,Treatment
U00890,New,2026-06-04,HN,864143697ffffff,18-24,Treatment
U00891,New,2026-08-05,HN,86415cb47ffffff,25-34,Treatment
U00892,New,2026-08-30,HN,8641436b7ffffff,25-34,Treatment
U00893,New,2026-08-25,HN,86415ca67ffffff,18-24,Treatment
U00894,New,2026-07-31,HN,86415cb4fffffff,18-24,Treatment
U00895,New,2026-07-03,HN,86415cb6fffffff,25-34,Treatment
U00896,New,2026-07-12,HN,86415cb5fffffff,18-24,Treatment
U00897,New,2026-08-26,HN,86414369fffffff,18-24,Treatment
U00898,New,2026-08-05,HN,86415cb5fffffff,35-44,Treatment
U00899,New,2026-08-01,HN,86415cb5fffffff,35-44,Treatment
U00900,New,2026-08-04,HN,86415cb6fffffff,25-34,Treatment
U00901,New,2026-06-06,HN,86415cb5fffffff,35-44,Treatment
U00902,New,2026-08-07,HN,86415cb5fffffff,18-24,Treatment
U00903,New,2026-08-02,HN,864143697ffffff,35-44,Treatment
U00904,New,2026-06-14,HN,86415cb47ffffff,25-34,Treatment
U00905,New,2026-06-26,HN,86415cb67ffffff,25-34,Treatment
U00906,New,2026-06-01,HN,86415cb5fffffff,25-34,Treatment
U00907,New,2026-08-31,HN,8641436a7ffffff,25-34,Treatment
U00908,New,2026-07-07,HN,864143697ffffff,18-24,Treatment
U00909,New,2026-06-29,HN,8641436a7ffffff,18-24,Treatment
U00910,New,2026-07-13,HN,864143697ffffff,25-34,Treatment
U00911,New,2026-08-25,HN,86415cb6fffffff,35-44,Treatment
U00912,New,2026-07-15,HN,86415cb5fffffff,35-44,Treatment
U00913,New,2026-06-24,HN,8641436b7ffffff,18-24,Treatment
U00914,New,2026-08-09,HN,86415cb6fffffff,18-24,Treatment
U00915,New,2026-06-19,HN,86414369fffffff,25-34,Treatment
U00916,New,2026-08-09,HN,8641436b7ffffff,35-44,Treatment
U00917,New,2026-07-01,HN,86415cb6fffffff,35-44,Treatment
U00918,New,2026-07-01,HN,86414369fffffff,18-24,Treatment
U00919,New,2026-07-13,HN,86415cb5fffffff,25-34,Treatment
U00920,New,2026-08-23,HN,86415cb67ffffff,25-34,Treatment
U00921,New,2026-08-16,HN,86415cb4fffffff,35-44,Treatment
U00922,New,2026-06-29,HN,8641436b7ffffff,18-24,Treatment
U00923,New,2026-07-18,HN,86415cb6fffffff,35-44,Treatment
U00924,New,2026-08-20,HN,86415ca67ffffff,35-44,Holdout
U00925,New,2026-06-15,HN,864143697ffffff,18-24,Treatment
U00926,New,2026-07-06,HN,86415cb4fffffff,18-24,Treatment
U00927,New,2026-06-02,HN,86415ca2fffffff,35-44,Holdout
U00928,New,2026-07-25,HN,86415cb6fffffff,18-24,Treatment
U00929,New,2026-08-02,HN,864143697ffffff,18-24,Treatment
U00930,New,2026-06-30,HN,86415ca2fffffff,18-24,Treatment
U00931,New,2026-07-16,HN,86415cb4fffffff,45+,Treatment
U00932,New,2026-08-18,HN,86415cb67ffffff,35-44,Treatment
U00933,New,2026-08-15,HN,86415cb4fffffff,25-34,Treatment
U00934,New,2026-08-03,HN,86415cb5fffffff,45+,Treatment
U00935,New,2026-07-17,HN,86415cb4fffffff,18-24,Holdout
U00936,New,2026-07-04,HN,8641436b7ffffff,18-24,Treatment
U00937,New,2026-08-18,HN,86415cb4fffffff,18-24,Treatment
U00938,New,2026-08-17,HN,86415cb4fffffff,18-24,Treatment
U00939,New,2026-08-03,HN,86415ca6fffffff,18-24,Treatment
U00940,New,2026-07-05,HN,86415cb4fffffff,35-44,Treatment
U00941,New,2026-07-18,HN,864143687ffffff,25-34,Treatment
U00942,New,2026-08-28,HN,86415ca2fffffff,35-44,Treatment
U00943,New,2026-07-30,HN,8641436b7ffffff,35-44,Treatment
U00944,New,2026-07-23,HN,86415cb57ffffff,25-34,Treatment
U00945,New,2026-07-03,HN,86415cb67ffffff,25-34,Holdout
U00946,New,2026-08-07,HN,86415ca67ffffff,25-34,Treatment
U00947,New,2026-08-29,HN,86415cb5fffffff,25-34,Holdout
U00948,New,2026-08-13,HN,86415cb57ffffff,18-24,Treatment
U00949,New,2026-08-10,HN,86415cb5fffffff,45+,Treatment
U00950,New,2026-08-31,HN,86415ca67ffffff,25-34,Treatment
U00951,New,2026-08-10,HN,86415ca67ffffff,35-44,Treatment
U00952,New,2026-06-19,HN,86415cb5fffffff,18-24,Treatment
U00953,New,2026-07-10,HN,86415ca2fffffff,25-34,Treatment
U00954,New,2026-06-15,HN,8641436a7ffffff,18-24,Treatment
U00955,New,2026-07-17,HN,86415ca77ffffff,25-34,Treatment
U00956,New,2026-06-22,HN,8641436b7ffffff,35-44,Treatment
U00957,New,2026-06-19,HN,864143697ffffff,25-34,Treatment
U00958,New,2026-08-03,HN,86415cb4fffffff,18-24,Treatment
U00959,New,2026-08-31,HN,864143697ffffff,35-44,Treatment
U00960,New,2026-06-06,HN,86415ca77ffffff,45+,Treatment
U00961,New,2026-08-21,HN,864143697ffffff,18-24,Treatment
U00962,New,2026-06-13,HN,86415ca77ffffff,25-34,Treatment
U00963,New,2026-06-15,HN,86415cb47ffffff,18-24,Treatment
U00964,New,2026-06-17,HN,86415cb5fffffff,25-34,Treatment
U00965,New,2026-08-31,HN,86415ca6fffffff,18-24,Treatment
U00966,New,2026-06-06,HN,8641436a7ffffff,18-24,Treatment
U00967,New,2026-06-28,HN,86415cb5fffffff,25-34,Treatment
U00968,New,2026-07-24,HN,8641436b7ffffff,25-34,Treatment
U00969,New,2026-07-06,HN,86415cb5fffffff,25-34,Treatment
U00970,New,2026-08-16,HN,86415cb6fffffff,35-44,Treatment
U00971,New,2026-07-23,HN,86415cb6fffffff,25-34,Treatment
U00972,New,2026-08-04,HN,86415cb5fffffff,25-34,Treatment
U00973,New,2026-06-10,HN,86415cb4fffffff,35-44,Holdout
U00974,New,2026-08-08,HN,86415cb4fffffff,25-34,Treatment
U00975,New,2026-07-06,HN,86415cb5fffffff,25-34,Treatment
U00976,New,2026-08-09,HN,86415cb5fffffff,45+,Treatment
U00977,New,2026-08-04,HN,86415ca67ffffff,18-24,Holdout
U00978,New,2026-06-19,HN,86415ca77ffffff,18-24,Holdout
U00979,New,2026-06-18,HN,864143697ffffff,45+,Treatment
U00980,New,2026-08-29,HN,86415cb4fffffff,18-24,Treatment
U00981,New,2026-08-05,HN,86415cb6fffffff,25-34,Treatment
U00982,New,2026-06-27,HN,8641436a7ffffff,18-24,Treatment
U00983,New,2026-07-01,HN,86415cb6fffffff,25-34,Treatment
U00984,New,2026-07-09,HN,86415cb5fffffff,35-44,Treatment
U00985,New,2026-07-08,HN,86415cb5fffffff,25-34,Treatment
U00986,New,2026-06-11,HN,86415cb5fffffff,25-34,Treatment
U00987,New,2026-08-19,HN,864143697ffffff,45+,Treatment
U00988,New,2026-06-02,HN,86415cb4fffffff,45+,Treatment
U00989,New,2026-06-15,HN,86415cb57ffffff,35-44,Treatment
U00990,New,2026-07-26,HN,86415cb5fffffff,45+,Treatment
U00991,New,2026-07-28,HN,86415ca67ffffff,25-34,Treatment
U00992,New,2026-08-06,HN,86415ca67ffffff,18-24,Holdout
U00993,New,2026-07-07,HN,86415ca6fffffff,18-24,Treatment
U00994,New,2026-08-29,HN,864143697ffffff,18-24,Treatment
U00995,New,2026-07-05,HN,86415ca67ffffff,25-34,Treatment
U00996,New,2026-07-11,HN,86415cb6fffffff,25-34,Treatment
U00997,New,2026-08-10,HN,86415ca67ffffff,18-24,Holdout
U00998,New,2026-08-01,HN,86415cb4fffffff,35-44,Treatment
U00999,New,2026-06-01,HN,86415cb5fffffff,35-44,Treatment
U01000,New,2026-08-31,HN,86415ca2fffffff,18-24,Treatment
U01001,New,2026-06-12,HN,86415cb6fffffff,25-34,Holdout
U01002,New,2026-06-05,HN,86415cb6fffffff,25-34,Treatment
U01003,New,2026-08-08,HN,8641436b7ffffff,35-44,Treatment
U01004,New,2026-06-07,HN,86415cb5fffffff,18-24,Treatment
U01005,New,2026-07-23,HN,86415cb4fffffff,25-34,Treatment
U01006,New,2026-06-30,HN,864143697ffffff,18-24,Treatment
U01007,New,2026-06-11,HN,86415cb6fffffff,25-34,Treatment
U01008,New,2026-08-18,HN,86415cb4fffffff,25-34,Treatment
U01009,New,2026-06-23,HN,86415cb5fffffff,25-34,Treatment
U01010,New,2026-06-07,HN,86415cb6fffffff,18-24,Treatment
U01011,New,2026-08-01,HN,86415cb6fffffff,25-34,Holdout
U01012,New,2026-08-15,HN,86415ca47ffffff,18-24,Holdout
U01013,New,2026-07-26,HN,864143697ffffff,45+,Treatment
U01014,New,2026-08-30,HN,86415cb4fffffff,25-34,Treatment
U01015,New,2026-06-06,HN,86415cb4fffffff,18-24,Holdout
U01016,New,2026-07-17,HN,86415cb4fffffff,35-44,Treatment
U01017,New,2026-06-19,HN,86415cb5fffffff,25-34,Treatment
U01018,New,2026-08-21,HN,86415cb5fffffff,25-34,Treatment
U01019,New,2026-06-24,HN,86415ca67ffffff,18-24,Holdout
U01020,New,2026-07-13,HN,86415cb6fffffff,25-34,Treatment
U01021,New,2026-06-30,HN,86415ca67ffffff,18-24,Treatment
U01022,New,2026-08-11,HN,86415cb6fffffff,25-34,Treatment
U01023,New,2026-06-24,HN,86414379fffffff,18-24,Treatment
U01024,New,2026-07-03,HN,86415cb6fffffff,25-34,Treatment
U01025,New,2026-07-19,HN,86415ca77ffffff,45+,Treatment
U01026,New,2026-06-11,HN,8641436a7ffffff,45+,Holdout
U01027,New,2026-07-18,HN,86415cb57ffffff,18-24,Treatment
U01028,New,2026-06-27,HN,86415ca67ffffff,25-34,Treatment
U01029,New,2026-08-15,HN,86415cb5fffffff,35-44,Treatment
U01030,New,2026-08-26,HN,86415cb5fffffff,35-44,Holdout
U01031,New,2026-07-27,HN,864143697ffffff,35-44,Treatment
U01032,New,2026-08-28,HN,86415cb6fffffff,25-34,Treatment
U01033,New,2026-08-04,HN,8641436b7ffffff,35-44,Treatment
U01034,New,2026-06-28,HN,86415cb5fffffff,25-34,Treatment
U01035,New,2026-06-13,HN,86415cb6fffffff,45+,Treatment
U01036,New,2026-07-16,HN,86415cb6fffffff,35-44,Treatment
U01037,New,2026-07-26,HN,864143697ffffff,45+,Treatment
U01038,New,2026-07-31,HN,86415cb5fffffff,45+,Treatment
U01039,New,2026-07-27,HN,864143697ffffff,25-34,Treatment
U01040,New,2026-07-30,HN,86415cb5fffffff,18-24,Holdout
U01041,New,2026-06-29,HN,86415ca67ffffff,25-34,Treatment
U01042,New,2026-06-01,HN,86415cb67ffffff,25-34,Holdout
U01043,New,2026-06-25,HN,86415ca67ffffff,35-44,Treatment
U01044,New,2026-06-09,HN,86415cb57ffffff,45+,Treatment
U01045,New,2026-07-15,HN,86415cb5fffffff,18-24,Holdout
U01046,New,2026-08-16,HN,86415ca6fffffff,25-34,Treatment
U01047,New,2026-07-06,HN,864143697ffffff,25-34,Treatment
U01048,New,2026-07-13,HN,86415ca6fffffff,25-34,Treatment
U01049,New,2026-07-29,HN,86415cb67ffffff,25-34,Treatment
U01050,New,2026-08-03,HN,86415ca2fffffff,25-34,Treatment
U01051,New,2026-07-10,HN,86415cb5fffffff,35-44,Treatment
U01052,New,2026-07-28,HN,86414369fffffff,18-24,Treatment
U01053,New,2026-06-08,HN,86415cb4fffffff,18-24,Treatment
U01054,New,2026-06-28,HN,86415cb6fffffff,18-24,Treatment
U01055,New,2026-06-26,HN,86415cb67ffffff,45+,Treatment
U01056,New,2026-07-31,HN,864143697ffffff,25-34,Holdout
U01057,New,2026-06-19,HN,86415cb4fffffff,18-24,Treatment
U01058,New,2026-06-29,HN,86415cb5fffffff,18-24,Treatment
U01059,New,2026-07-02,HN,864143697ffffff,25-34,Treatment
U01060,New,2026-07-12,HN,86415ca67ffffff,45+,Treatment
U01061,New,2026-06-20,HN,86415ca77ffffff,18-24,Treatment
U01062,New,2026-06-22,HN,86415cb67ffffff,45+,Holdout
U01063,New,2026-07-21,HN,86415cb4fffffff,25-34,Treatment
U01064,New,2026-06-27,HN,864143697ffffff,18-24,Holdout
U01065,New,2026-07-08,HN,86415cb4fffffff,25-34,Holdout
U01066,New,2026-07-15,HN,86415cb67ffffff,35-44,Treatment
U01067,New,2026-06-28,HN,86415cb77ffffff,18-24,Treatment
U01068,New,2026-08-14,HN,8641436b7ffffff,18-24,Treatment
U01069,New,2026-08-26,HN,86415cb4fffffff,35-44,Treatment
U01070,New,2026-07-26,HN,86415cb67ffffff,35-44,Holdout
U01071,New,2026-06-16,HN,86415cb5fffffff,25-34,Holdout
U01072,New,2026-06-07,HN,86415cb5fffffff,18-24,Treatment
U01073,New,2026-08-05,HN,86415cb5fffffff,25-34,Treatment
U01074,New,2026-07-06,HN,86415cb5fffffff,25-34,Treatment
U01075,New,2026-06-20,HN,8641436b7ffffff,35-44,Holdout
U01076,New,2026-08-30,HN,864143697ffffff,25-34,Treatment
U01077,New,2026-06-22,HN,86415cb4fffffff,25-34,Holdout
U01078,New,2026-08-02,HN,86414369fffffff,25-34,Treatment
U01079,New,2026-06-13,HN,86415ca67ffffff,25-34,Treatment
U01080,New,2026-07-13,HN,86415cb5fffffff,18-24,Treatment
U01081,New,2026-07-20,HN,86415cb6fffffff,35-44,Treatment
U01082,New,2026-06-22,HN,86414379fffffff,45+,Treatment
U01083,New,2026-08-29,HN,86415ca67ffffff,18-24,Treatment
U01084,New,2026-07-07,HN,864143697ffffff,35-44,Treatment
U01085,New,2026-06-25,HN,86415cb5fffffff,25-34,Treatment
U01086,New,2026-07-05,HN,86415ca6fffffff,18-24,Treatment
U01087,New,2026-07-04,HN,864143697ffffff,25-34,Treatment
U01088,New,2026-08-29,HN,864143697ffffff,25-34,Treatment
U01089,New,2026-06-13,HN,864143697ffffff,45+,Treatment
U01090,New,2026-08-18,HN,86415cb5fffffff,18-24,Treatment
U01091,New,2026-08-07,HN,86415cb6fffffff,25-34,Treatment
U01092,New,2026-07-10,HN,86415ca6fffffff,18-24,Treatment
U01093,New,2026-08-24,HN,8641436a7ffffff,18-24,Treatment
U01094,New,2026-06-21,HN,864143697ffffff,25-34,Treatment
U01095,New,2026-06-30,HN,86415cb5fffffff,18-24,Treatment
U01096,New,2026-08-12,HN,86415ca67ffffff,18-24,Treatment
U01097,New,2026-07-18,HN,86415cb67ffffff,18-24,Treatment
U01098,New,2026-08-26,HN,86415ca2fffffff,35-44,Treatment
U01099,New,2026-06-21,HN,8641436a7ffffff,18-24,Treatment
U01100,New,2026-08-28,HN,86415cb5fffffff,25-34,Treatment
U01101,New,2026-08-19,HN,86415ca6fffffff,25-34,Treatment
U01102,New,2026-08-18,HN,8641436a7ffffff,25-34,Treatment
U01103,New,2026-07-03,HN,86415cb6fffffff,45+,Treatment
U01104,New,2026-08-21,HN,86415ca67ffffff,18-24,Treatment
U01105,New,2026-06-19,HN,86414369fffffff,35-44,Treatment
U01106,New,2026-08-14,HN,86415cb5fffffff,25-34,Treatment
U01107,New,2026-07-17,HN,86415ca67ffffff,25-34,Holdout
U01108,New,2026-08-07,HN,86415ca67ffffff,25-34,Treatment
U01109,New,2026-07-24,HN,86415cb5fffffff,35-44,Treatment
U01110,New,2026-06-16,HN,8641436a7ffffff,25-34,Holdout
U01111,New,2026-08-22,HN,86415ca67ffffff,25-34,Treatment
U01112,New,2026-08-05,HN,864143697ffffff,25-34,Treatment
U01113,New,2026-06-30,HN,8641436b7ffffff,35-44,Treatment
U01114,New,2026-06-14,HN,86415ca67ffffff,18-24,Treatment
U01115,New,2026-06-05,HN,86415cb5fffffff,18-24,Treatment
U01116,New,2026-07-24,HN,86415cb5fffffff,18-24,Treatment
U01117,New,2026-08-07,HN,86415cb47ffffff,18-24,Holdout
U01118,New,2026-07-13,HN,86415cb5fffffff,25-34,Holdout
U01119,New,2026-08-29,HN,86415cb5fffffff,18-24,Treatment
U01120,New,2026-07-30,HN,86415cb5fffffff,18-24,Treatment
U01121,New,2026-07-10,HN,86415cb4fffffff,45+,Treatment
U01122,New,2026-07-23,HN,86415cb6fffffff,35-44,Treatment
U01123,New,2026-07-05,HN,86415cb5fffffff,18-24,Treatment
U01124,New,2026-07-15,HN,8641436a7ffffff,18-24,Treatment
U01125,New,2026-08-24,HN,86415cb4fffffff,35-44,Treatment
U01126,New,2026-08-14,HN,86415cb5fffffff,35-44,Treatment
U01127,New,2026-07-30,HN,86415cb5fffffff,45+,Holdout
U01128,New,2026-07-25,HN,8641436b7ffffff,18-24,Treatment
U01129,New,2026-06-12,HN,8641436b7ffffff,35-44,Treatment
U01130,New,2026-08-06,HN,8641436a7ffffff,35-44,Treatment
U01131,New,2026-08-23,HN,86415cb4fffffff,25-34,Treatment
U01132,New,2026-08-20,HN,8641436b7ffffff,18-24,Treatment
U01133,New,2026-07-30,HN,86415ca77ffffff,25-34,Treatment
U01134,New,2026-08-17,HN,86415cb4fffffff,18-24,Treatment
U01135,New,2026-06-24,HN,86415ca67ffffff,25-34,Treatment
U01136,New,2026-08-31,HN,86415cb6fffffff,45+,Treatment
U01137,New,2026-08-25,HN,864143697ffffff,18-24,Treatment
U01138,New,2026-06-27,HN,86415cb4fffffff,35-44,Treatment
U01139,New,2026-07-26,HN,86415cb4fffffff,18-24,Treatment
U01140,New,2026-06-06,HN,864143697ffffff,45+,Treatment
U01141,New,2026-08-06,HN,86415cb4fffffff,25-34,Treatment
U01142,New,2026-07-08,HN,86415cb5fffffff,25-34,Treatment
U01143,New,2026-06-13,HN,86415cb47ffffff,45+,Treatment
U01144,New,2026-07-06,HN,86415cb5fffffff,25-34,Treatment
U01145,New,2026-08-10,HN,86415ca67ffffff,25-34,Treatment
U01146,New,2026-07-24,HN,86415cb47ffffff,25-34,Treatment
U01147,New,2026-07-21,HN,86415cb5fffffff,25-34,Treatment
U01148,New,2026-07-23,HN,86414369fffffff,25-34,Treatment
U01149,New,2026-07-04,HN,86415ca67ffffff,25-34,Treatment
U01150,New,2026-08-04,HN,86414369fffffff,18-24,Treatment
U01151,New,2026-07-02,HN,86415ca67ffffff,18-24,Treatment
U01152,New,2026-08-23,HN,8641436b7ffffff,25-34,Treatment
U01153,New,2026-06-06,HN,86415ca67ffffff,35-44,Treatment
U01154,New,2026-07-14,HN,86415cb5fffffff,25-34,Treatment
U01155,New,2026-06-16,HN,86415ca6fffffff,25-34,Treatment
U01156,New,2026-06-04,HN,86415ca2fffffff,35-44,Treatment
U01157,New,2026-06-11,HN,864143697ffffff,25-34,Treatment
U01158,New,2026-07-03,HN,86415cb6fffffff,35-44,Treatment
U01159,New,2026-07-10,HN,86415cb4fffffff,25-34,Holdout
U01160,New,2026-06-03,HN,86414379fffffff,25-34,Treatment
U01161,New,2026-06-19,HN,86415cb6fffffff,25-34,Treatment
U01162,New,2026-07-31,HN,86414369fffffff,25-34,Treatment
U01163,New,2026-07-15,HN,86415cb5fffffff,18-24,Treatment
U01164,New,2026-06-03,HN,86415cb77ffffff,18-24,Treatment
U01165,New,2026-06-26,HN,86415cb4fffffff,18-24,Treatment
U01166,New,2026-06-04,HN,86415cb5fffffff,18-24,Holdout
U01167,New,2026-07-22,HN,86415cb5fffffff,25-34,Treatment
U01168,New,2026-08-29,HN,86415ca47ffffff,18-24,Treatment
U01169,New,2026-08-25,HN,86415cb6fffffff,25-34,Treatment
U01170,New,2026-07-14,HN,86415cb6fffffff,18-24,Treatment
U01171,New,2026-07-26,HN,864143697ffffff,25-34,Treatment
U01172,New,2026-06-10,HN,86415cb4fffffff,25-34,Treatment
U01173,New,2026-08-30,HN,86415cb67ffffff,25-34,Treatment
U01174,New,2026-08-16,HN,86415cb6fffffff,45+,Treatment
U01175,New,2026-06-03,HN,86415cb67ffffff,18-24,Treatment
U01176,New,2026-08-27,HN,8641436b7ffffff,25-34,Treatment
U01177,New,2026-08-21,HN,86415cb5fffffff,25-34,Treatment
U01178,New,2026-08-13,HN,86415ca47ffffff,25-34,Treatment
U01179,New,2026-07-31,HN,86415ca47ffffff,18-24,Treatment
U01180,New,2026-08-26,HN,86415cb4fffffff,25-34,Treatment
U01181,New,2026-08-25,HN,86415cb4fffffff,18-24,Treatment
U01182,New,2026-06-05,HN,864143697ffffff,25-34,Holdout
U01183,New,2026-06-15,HN,86415ca67ffffff,25-34,Treatment
U01184,New,2026-06-04,HN,8641436b7ffffff,35-44,Treatment
U01185,New,2026-07-17,HN,86415cb6fffffff,25-34,Treatment
U01186,New,2026-06-10,HN,86415ca67ffffff,25-34,Holdout
U01187,New,2026-08-28,HN,864143697ffffff,25-34,Treatment
U01188,New,2026-07-10,HN,86415cb67ffffff,18-24,Treatment
U01189,New,2026-08-16,HN,86415ca67ffffff,25-34,Treatment
U01190,New,2026-07-29,HN,86415ca67ffffff,18-24,Treatment
U01191,New,2026-06-26,HN,86415cb5fffffff,25-34,Treatment
U01192,New,2026-08-26,HN,864143697ffffff,18-24,Treatment
U01193,New,2026-06-26,HN,86415cb5fffffff,35-44,Treatment
U01194,New,2026-06-18,HN,864143697ffffff,35-44,Treatment
U01195,New,2026-06-04,HN,86415ca77ffffff,35-44,Treatment
U01196,New,2026-07-29,HN,8641436a7ffffff,25-34,Treatment
U01197,New,2026-06-29,HN,86415ca67ffffff,25-34,Treatment
U01198,New,2026-06-16,HN,86415cb5fffffff,25-34,Treatment
U01199,New,2026-07-21,HN,86415ca2fffffff,18-24,Treatment
U01200,New,2026-06-05,HN,86415ca6fffffff,25-34,Treatment
U01201,Regular,2025-02-12,HN,86415cb47ffffff,35-44,Treatment
U01202,Regular,2026-01-05,HN,86415cb5fffffff,18-24,Treatment
U01203,Regular,2025-09-09,HN,86415cb6fffffff,18-24,Treatment
U01204,Regular,2026-01-05,HN,8641436a7ffffff,35-44,Treatment
U01205,Regular,2025-08-18,HN,86415cb4fffffff,25-34,Treatment
U01206,Regular,2025-07-28,HN,86415cb5fffffff,25-34,Treatment
U01207,Regular,2026-01-08,HN,86415cb5fffffff,25-34,Treatment
U01208,Regular,2025-08-19,HN,86415ca6fffffff,35-44,Treatment
U01209,Regular,2025-10-11,HN,864143697ffffff,25-34,Treatment
U01210,Regular,2026-01-12,HN,86415ca6fffffff,25-34,Treatment
U01211,Regular,2026-02-21,HN,86415ca77ffffff,35-44,Treatment
U01212,Regular,2026-04-28,HN,86415ca67ffffff,35-44,Treatment
U01213,Regular,2025-06-11,HN,864143697ffffff,35-44,Treatment
U01214,Regular,2025-05-25,HN,864143697ffffff,18-24,Treatment
U01215,Regular,2025-05-07,HN,86415ca2fffffff,18-24,Treatment
U01216,Regular,2025-12-15,HN,86415cb5fffffff,25-34,Treatment
U01217,Regular,2025-10-03,HN,86415cb4fffffff,35-44,Treatment
U01218,Regular,2025-02-07,HN,86415cb67ffffff,35-44,Treatment
U01219,Regular,2025-01-11,HN,864143697ffffff,18-24,Treatment
U01220,Regular,2025-09-11,HN,86414379fffffff,25-34,Treatment
U01221,Regular,2026-02-24,HN,86415cb4fffffff,25-34,Treatment
U01222,Regular,2026-02-18,HN,86415cb4fffffff,18-24,Holdout
U01223,Regular,2025-11-06,HN,86415ca67ffffff,18-24,Treatment
U01224,Regular,2025-12-09,HN,86415cb5fffffff,25-34,Holdout
U01225,Regular,2026-05-04,HN,86415cb4fffffff,18-24,Treatment
U01226,Regular,2026-03-05,HN,86415cb6fffffff,35-44,Treatment
U01227,Regular,2025-11-30,HN,86415ca2fffffff,25-34,Treatment
U01228,Regular,2025-08-02,HN,86415ca67ffffff,25-34,Holdout
U01229,Regular,2025-06-26,HN,86415cb4fffffff,25-34,Holdout
U01230,Regular,2026-04-25,HN,86415ca67ffffff,18-24,Treatment
U01231,Regular,2026-05-08,HN,86415cb6fffffff,25-34,Treatment
U01232,Regular,2025-05-30,HN,86415ca67ffffff,25-34,Treatment
U01233,Regular,2026-01-12,HN,86415ca67ffffff,18-24,Treatment
U01234,Regular,2025-06-14,HN,864143697ffffff,35-44,Treatment
U01235,Regular,2025-01-14,HN,864143697ffffff,18-24,Treatment
U01236,Regular,2026-02-18,HN,864143687ffffff,18-24,Treatment
U01237,Regular,2025-09-23,HN,86415cb5fffffff,25-34,Treatment
U01238,Regular,2025-03-24,HN,86415cb4fffffff,18-24,Treatment
U01239,Regular,2025-12-30,HN,86415ca47ffffff,25-34,Treatment
U01240,Regular,2025-02-05,HN,86415cb5fffffff,18-24,Treatment
U01241,Regular,2026-01-11,HN,86415ca6fffffff,18-24,Treatment
U01242,Regular,2025-08-16,HN,8641436a7ffffff,18-24,Treatment
U01243,Regular,2025-08-11,HN,86415cb47ffffff,25-34,Treatment
U01244,Regular,2025-09-15,HN,86415cb5fffffff,18-24,Treatment
U01245,Regular,2025-12-08,HN,86415cb6fffffff,18-24,Treatment
U01246,Regular,2026-04-02,HN,86415cb4fffffff,45+,Treatment
U01247,Regular,2025-04-19,HN,864143697ffffff,35-44,Treatment
U01248,Regular,2025-09-18,HN,86415cb6fffffff,18-24,Treatment
U01249,Regular,2025-09-04,HN,86415ca2fffffff,35-44,Treatment
U01250,Regular,2025-01-12,HN,86415ca2fffffff,18-24,Holdout
U01251,Regular,2025-11-08,HN,86415cb4fffffff,25-34,Treatment
U01252,Regular,2026-01-24,HN,86415cb5fffffff,45+,Treatment
U01253,Regular,2026-03-22,HN,8641436a7ffffff,35-44,Treatment
U01254,Regular,2026-03-20,HN,8641436b7ffffff,25-34,Treatment
U01255,Regular,2026-04-08,HN,86415ca6fffffff,18-24,Treatment
U01256,Regular,2025-04-27,HN,86415cb5fffffff,18-24,Treatment
U01257,Regular,2026-03-07,HN,864143687ffffff,45+,Treatment
U01258,Regular,2025-01-13,HN,86415cb4fffffff,35-44,Treatment
U01259,Regular,2025-12-11,HN,86415cb5fffffff,35-44,Treatment
U01260,Regular,2025-10-06,HN,86415ca67ffffff,35-44,Treatment
U01261,Regular,2025-05-13,HN,86415cb67ffffff,18-24,Treatment
U01262,Regular,2026-02-25,HN,86415cb4fffffff,25-34,Treatment
U01263,Regular,2025-08-30,HN,8641436a7ffffff,25-34,Treatment
U01264,Regular,2025-09-09,HN,86415cb6fffffff,35-44,Holdout
U01265,Regular,2025-06-27,HN,86415cb4fffffff,18-24,Treatment
U01266,Regular,2025-12-21,HN,86415ca77ffffff,45+,Treatment
U01267,Regular,2025-09-28,HN,86415cb6fffffff,25-34,Treatment
U01268,Regular,2025-08-23,HN,864143697ffffff,18-24,Treatment
U01269,Regular,2025-08-05,HN,86415ca6fffffff,25-34,Treatment
U01270,Regular,2025-11-08,HN,864143697ffffff,35-44,Treatment
U01271,Regular,2025-11-10,HN,86415cb57ffffff,45+,Treatment
U01272,Regular,2025-03-06,HN,86415cb6fffffff,25-34,Treatment
U01273,Regular,2025-08-01,HN,86415cb5fffffff,25-34,Treatment
U01274,Regular,2025-07-14,HN,86415cb4fffffff,18-24,Treatment
U01275,Regular,2025-05-21,HN,86415ca2fffffff,25-34,Treatment
U01276,Regular,2025-09-05,HN,864143697ffffff,25-34,Treatment
U01277,Regular,2025-01-16,HN,86415cb77ffffff,18-24,Treatment
U01278,Regular,2025-09-10,HN,86415ca2fffffff,45+,Treatment
U01279,Regular,2025-08-25,HN,86415ca67ffffff,18-24,Treatment
U01280,Regular,2025-01-13,HN,86415cb6fffffff,18-24,Holdout
U01281,Regular,2025-04-20,HN,86415cb5fffffff,25-34,Treatment
U01282,Regular,2025-08-15,HN,86415cb47ffffff,35-44,Treatment
U01283,Regular,2025-10-19,HN,86415cb5fffffff,45+,Treatment
U01284,Regular,2025-04-01,HN,8641436b7ffffff,35-44,Treatment
U01285,Regular,2026-04-24,HN,86415ca67ffffff,18-24,Treatment
U01286,Regular,2025-01-03,HN,86415cb6fffffff,18-24,Treatment
U01287,Regular,2025-08-01,HN,86414369fffffff,18-24,Treatment
U01288,Regular,2025-12-02,HN,86415cb4fffffff,18-24,Treatment
U01289,Regular,2025-07-03,HN,86415cb5fffffff,35-44,Treatment
U01290,Regular,2025-09-15,HN,86415ca67ffffff,18-24,Treatment
U01291,Regular,2025-06-16,HN,864143697ffffff,18-24,Treatment
U01292,Regular,2025-05-31,HN,86415cb57ffffff,18-24,Treatment
U01293,Regular,2026-03-08,HN,8641436a7ffffff,25-34,Treatment
U01294,Regular,2025-12-27,HN,86415ca6fffffff,35-44,Treatment
U01295,Regular,2025-07-08,HN,86415cb4fffffff,35-44,Treatment
U01296,Regular,2025-03-19,HN,86415ca67ffffff,18-24,Treatment
U01297,Regular,2025-05-28,HN,86415cb57ffffff,18-24,Treatment
U01298,Regular,2025-05-14,HN,86415cb4fffffff,25-34,Treatment
U01299,Regular,2025-01-30,HN,86415cb47ffffff,25-34,Treatment
U01300,Regular,2025-02-16,HN,86415cb6fffffff,25-34,Treatment
U01301,Regular,2025-10-27,HN,86414369fffffff,18-24,Treatment
U01302,Regular,2025-04-15,HN,864143687ffffff,18-24,Treatment
U01303,Regular,2025-08-19,HN,86415cb6fffffff,45+,Treatment
U01304,Regular,2025-02-27,HN,86415cb6fffffff,18-24,Treatment
U01305,Regular,2025-09-20,HN,86415cb4fffffff,18-24,Treatment
U01306,Regular,2025-09-12,HN,8641436a7ffffff,18-24,Treatment
U01307,Regular,2025-01-01,HN,86415cb4fffffff,25-34,Treatment
U01308,Regular,2026-02-07,HN,86414379fffffff,18-24,Treatment
U01309,Regular,2025-11-07,HN,86415cb6fffffff,25-34,Holdout
U01310,Regular,2025-04-29,HN,864143697ffffff,35-44,Treatment
U01311,Regular,2026-01-31,HN,86414379fffffff,35-44,Treatment
U01312,Regular,2026-03-16,HN,86415cb67ffffff,35-44,Treatment
U01313,Regular,2025-08-05,HN,86415cb5fffffff,45+,Treatment
U01314,Regular,2025-04-17,HN,86415cb77ffffff,18-24,Holdout
U01315,Regular,2025-08-17,HN,864143697ffffff,18-24,Treatment
U01316,Regular,2025-04-07,HN,86415cb6fffffff,25-34,Treatment
U01317,Regular,2025-10-07,HN,8641436a7ffffff,18-24,Treatment
U01318,Regular,2025-02-11,HN,86415cb6fffffff,25-34,Treatment
U01319,Regular,2026-01-23,HN,86415cb6fffffff,35-44,Holdout
U01320,Regular,2025-10-31,HN,86415cb47ffffff,25-34,Treatment
U01321,Regular,2025-03-02,HN,86415ca67ffffff,18-24,Treatment
U01322,Regular,2026-04-15,HN,86414369fffffff,25-34,Treatment
U01323,Regular,2026-05-09,HN,86415cb6fffffff,18-24,Treatment
U01324,Regular,2025-02-03,HN,86415cb6fffffff,35-44,Treatment
U01325,Regular,2025-03-12,HN,864143697ffffff,25-34,Treatment
U01326,Regular,2025-11-22,HN,86415cb57ffffff,35-44,Treatment
U01327,Regular,2025-04-09,HN,86415ca67ffffff,18-24,Holdout
U01328,Regular,2026-01-23,HN,86415cb67ffffff,35-44,Treatment
U01329,Regular,2025-10-16,HN,86414379fffffff,18-24,Treatment
U01330,Regular,2025-07-04,HN,864143697ffffff,18-24,Treatment
U01331,Regular,2025-02-08,HN,86415cb6fffffff,25-34,Treatment
U01332,Regular,2025-03-06,HN,864143697ffffff,35-44,Treatment
U01333,Regular,2025-03-18,HN,86415cb4fffffff,25-34,Treatment
U01334,Regular,2025-07-01,HN,86415cb4fffffff,25-34,Treatment
U01335,Regular,2026-03-04,HN,86415cb47ffffff,18-24,Treatment
U01336,Regular,2025-11-29,HN,86415cb6fffffff,18-24,Treatment
U01337,Regular,2025-02-18,HN,86415cb5fffffff,18-24,Treatment
U01338,Regular,2025-09-04,HN,86415ca67ffffff,18-24,Holdout
U01339,Regular,2025-12-19,HN,86414379fffffff,25-34,Treatment
U01340,Regular,2026-04-07,HN,86415ca67ffffff,18-24,Treatment
U01341,Regular,2025-10-11,HN,86415cb4fffffff,25-34,Treatment
U01342,Regular,2026-03-15,HN,86415cb5fffffff,18-24,Treatment
U01343,Regular,2026-02-20,HN,86415ca67ffffff,18-24,Holdout
U01344,Regular,2025-03-29,HN,86415ca67ffffff,45+,Treatment
U01345,Regular,2026-03-06,HN,86415cb6fffffff,18-24,Treatment
U01346,Regular,2025-11-01,HN,86415cb6fffffff,35-44,Treatment
U01347,Regular,2025-07-13,HN,86415cb5fffffff,35-44,Treatment
U01348,Regular,2025-01-19,HN,86415cb47ffffff,35-44,Treatment
U01349,Regular,2025-12-29,HN,86415ca6fffffff,45+,Treatment
U01350,Regular,2025-06-03,HN,86415cb67ffffff,25-34,Treatment
U01351,Regular,2026-04-15,HN,86414379fffffff,25-34,Treatment
U01352,Regular,2025-04-15,HN,86415cb5fffffff,25-34,Treatment
U01353,Regular,2025-08-24,HN,86414369fffffff,25-34,Holdout
U01354,Regular,2026-04-28,HN,86415cb4fffffff,25-34,Treatment
U01355,Regular,2026-04-14,HN,86415cb5fffffff,25-34,Treatment
U01356,Regular,2025-01-10,HN,86415ca6fffffff,45+,Treatment
U01357,Regular,2025-07-01,HN,86415ca6fffffff,18-24,Treatment
U01358,Regular,2025-06-03,HN,864143697ffffff,25-34,Treatment
U01359,Regular,2025-06-18,HN,86415cb5fffffff,35-44,Treatment
U01360,Regular,2025-08-05,HN,86415ca6fffffff,18-24,Treatment
U01361,Regular,2025-08-20,HN,86415ca67ffffff,18-24,Holdout
U01362,Regular,2026-01-13,HN,86415cb4fffffff,25-34,Treatment
U01363,Regular,2026-03-06,HN,8641436a7ffffff,45+,Treatment
U01364,Regular,2025-06-09,HN,86415cb5fffffff,18-24,Treatment
U01365,Regular,2025-03-27,HN,86415ca67ffffff,35-44,Holdout
U01366,Regular,2026-02-13,HN,86415ca6fffffff,35-44,Treatment
U01367,Regular,2025-06-28,HN,864143697ffffff,35-44,Treatment
U01368,Regular,2026-04-04,HN,86415cb4fffffff,25-34,Treatment
U01369,Regular,2025-02-18,HN,864143697ffffff,25-34,Treatment
U01370,Regular,2025-09-13,HN,86415ca67ffffff,25-34,Holdout
U01371,Regular,2025-04-29,HN,86415cb5fffffff,35-44,Treatment
U01372,Regular,2025-04-03,HN,86414369fffffff,25-34,Treatment
U01373,Regular,2025-08-21,HN,86415cb5fffffff,18-24,Treatment
U01374,Regular,2025-05-31,HN,86415ca6fffffff,18-24,Treatment
U01375,Regular,2025-11-29,HN,86415cb4fffffff,45+,Treatment
U01376,Regular,2025-06-21,HN,8641436a7ffffff,25-34,Holdout
U01377,Regular,2026-02-10,HN,86415cb4fffffff,25-34,Holdout
U01378,Regular,2026-05-10,HN,86415ca6fffffff,18-24,Treatment
U01379,Regular,2025-04-20,HN,86415ca47ffffff,45+,Treatment
U01380,Regular,2026-03-31,HN,86415cb47ffffff,25-34,Holdout
U01381,Regular,2025-08-10,HN,86415cb4fffffff,25-34,Treatment
U01382,Regular,2025-12-15,HN,86415cb4fffffff,35-44,Treatment
U01383,Regular,2025-12-06,HN,86415cb47ffffff,18-24,Holdout
U01384,Regular,2025-06-16,HN,86415cb4fffffff,25-34,Treatment
U01385,Regular,2025-05-01,HN,86415ca67ffffff,18-24,Treatment
U01386,Regular,2026-01-02,HN,86415cb57ffffff,25-34,Holdout
U01387,Regular,2025-05-05,HN,8641436b7ffffff,25-34,Treatment
U01388,Regular,2025-01-23,HN,8641436b7ffffff,25-34,Holdout
U01389,Regular,2025-10-08,HN,86415ca2fffffff,25-34,Treatment
U01390,Regular,2025-12-05,HN,8641436a7ffffff,35-44,Treatment
U01391,Regular,2025-02-11,HN,86415ca2fffffff,25-34,Treatment
U01392,Regular,2026-01-10,HN,86415cb5fffffff,18-24,Holdout
U01393,Regular,2026-03-28,HN,86414379fffffff,25-34,Treatment
U01394,Regular,2026-04-29,HN,86415cb5fffffff,25-34,Treatment
U01395,Regular,2025-02-28,HN,86415ca67ffffff,35-44,Treatment
U01396,Regular,2025-06-04,HN,8641436b7ffffff,25-34,Holdout
U01397,Regular,2025-03-19,HN,86415cb5fffffff,25-34,Treatment
U01398,Regular,2025-01-23,HN,8641436a7ffffff,35-44,Treatment
U01399,Regular,2025-09-02,HN,8641436b7ffffff,25-34,Treatment
U01400,Regular,2026-04-12,HN,8641436b7ffffff,18-24,Treatment
U01401,Regular,2025-09-18,HN,86415cb6fffffff,25-34,Treatment
U01402,Regular,2025-08-13,HN,86415cb6fffffff,18-24,Treatment
U01403,Regular,2025-01-15,HN,86415cb6fffffff,35-44,Treatment
U01404,Regular,2025-06-30,HN,8641436a7ffffff,18-24,Treatment
U01405,Regular,2026-04-26,HN,86415cb4fffffff,25-34,Treatment
U01406,Regular,2025-04-18,HN,86415cb4fffffff,18-24,Treatment
U01407,Regular,2026-03-05,HN,86415ca6fffffff,25-34,Treatment
U01408,Regular,2025-04-16,HN,86415cb47ffffff,18-24,Treatment
U01409,Regular,2026-03-08,HN,86415cb47ffffff,18-24,Treatment
U01410,Regular,2025-07-23,HN,86415ca67ffffff,35-44,Treatment
U01411,Regular,2026-04-24,HN,86415cb5fffffff,25-34,Treatment
U01412,Regular,2025-08-17,HN,864143697ffffff,18-24,Treatment
U01413,Regular,2025-02-02,HN,86415cb57ffffff,25-34,Treatment
U01414,Regular,2025-12-12,HN,864143697ffffff,35-44,Treatment
U01415,Regular,2026-05-03,HN,86415ca67ffffff,18-24,Treatment
U01416,Regular,2025-11-30,HN,86415cb6fffffff,25-34,Treatment
U01417,Regular,2025-11-11,HN,86415cb4fffffff,18-24,Treatment
U01418,Regular,2025-12-30,HN,86415cb5fffffff,45+,Treatment
U01419,Regular,2025-10-07,HN,86415cb4fffffff,25-34,Treatment
U01420,Regular,2025-10-17,HN,86414369fffffff,18-24,Treatment
U01421,Regular,2026-01-07,HN,86415cb5fffffff,25-34,Treatment
U01422,Regular,2025-08-15,HN,86414379fffffff,35-44,Treatment
U01423,Regular,2025-02-03,HN,86415cb6fffffff,45+,Treatment
U01424,Regular,2025-10-11,HN,86415ca67ffffff,18-24,Treatment
U01425,Regular,2025-12-04,HN,8641436a7ffffff,18-24,Treatment
U01426,Regular,2025-08-21,HN,86415ca2fffffff,18-24,Treatment
U01427,Regular,2025-07-04,HN,86415cb5fffffff,25-34,Treatment
U01428,Regular,2026-02-19,HN,86415cb57ffffff,25-34,Treatment
U01429,Regular,2026-04-28,HN,86415cb5fffffff,25-34,Treatment
U01430,Regular,2025-05-13,HN,86415ca67ffffff,45+,Treatment
U01431,Regular,2025-02-26,HN,86415cb4fffffff,18-24,Treatment
U01432,Regular,2025-06-21,HN,8641436a7ffffff,25-34,Treatment
U01433,Regular,2025-12-23,HN,86415cb4fffffff,25-34,Holdout
U01434,Regular,2025-06-04,HN,86415ca6fffffff,25-34,Treatment
U01435,Regular,2026-01-05,HN,8641436b7ffffff,25-34,Treatment
U01436,Regular,2026-01-24,HN,86415ca6fffffff,45+,Holdout
U01437,Regular,2025-01-10,HN,86415cb5fffffff,18-24,Treatment
U01438,Regular,2026-03-19,HN,86415cb77ffffff,35-44,Treatment
U01439,Regular,2026-02-10,HN,86415ca2fffffff,18-24,Treatment
U01440,Regular,2025-09-13,HN,86415ca6fffffff,45+,Treatment
U01441,Regular,2025-06-16,HN,86415cb5fffffff,25-34,Holdout
U01442,Regular,2025-11-08,HN,864143697ffffff,25-34,Treatment
U01443,Regular,2025-07-23,HN,86415cb4fffffff,35-44,Treatment
U01444,Regular,2025-08-16,HN,86415ca6fffffff,25-34,Treatment
U01445,Regular,2025-05-12,HN,86415cb5fffffff,35-44,Treatment
U01446,Regular,2025-08-25,HN,86415cb4fffffff,18-24,Holdout
U01447,Regular,2025-12-08,HN,86415ca2fffffff,35-44,Treatment
U01448,Regular,2026-05-01,HN,86415cb5fffffff,35-44,Treatment
U01449,Regular,2025-07-17,HN,86415cb5fffffff,18-24,Treatment
U01450,Regular,2025-09-30,HN,8641436a7ffffff,18-24,Treatment
U01451,Regular,2026-03-27,HN,864143697ffffff,18-24,Holdout
U01452,Regular,2025-04-21,HN,86415ca2fffffff,18-24,Treatment
U01453,Regular,2026-03-21,HN,86415cb5fffffff,25-34,Treatment
U01454,Regular,2025-09-11,HN,86415cb77ffffff,35-44,Treatment
U01455,Regular,2025-04-17,HN,86415ca77ffffff,18-24,Treatment
U01456,Regular,2025-01-16,HN,86415cb5fffffff,35-44,Holdout
U01457,Regular,2025-06-22,HN,8641436a7ffffff,25-34,Treatment
U01458,Regular,2025-05-18,HN,86415cb6fffffff,18-24,Treatment
U01459,Regular,2025-06-04,HN,86415cb5fffffff,18-24,Treatment
U01460,Regular,2025-05-04,HN,86415ca67ffffff,25-34,Treatment
U01461,Regular,2025-04-23,HN,8641436a7ffffff,25-34,Treatment
U01462,Regular,2025-12-14,HN,86415cb5fffffff,25-34,Treatment
U01463,Regular,2025-04-23,HN,8641436a7ffffff,25-34,Treatment
U01464,Regular,2025-09-22,HN,864143697ffffff,45+,Treatment
U01465,Regular,2026-02-11,HN,86415ca67ffffff,25-34,Treatment
U01466,Regular,2025-04-08,HN,86415cb5fffffff,25-34,Treatment
U01467,Regular,2026-01-16,HN,86415cb5fffffff,45+,Holdout
U01468,Regular,2025-05-02,HN,864143697ffffff,25-34,Treatment
U01469,Regular,2025-04-11,HN,86415cb5fffffff,25-34,Holdout
U01470,Regular,2025-12-01,HN,86415cb5fffffff,35-44,Treatment
U01471,Regular,2025-08-30,HN,86415ca67ffffff,18-24,Holdout
U01472,Regular,2025-08-21,HN,86415cb5fffffff,25-34,Treatment
U01473,Regular,2025-01-15,HN,86415cb4fffffff,18-24,Treatment
U01474,Regular,2025-08-10,HN,86415ca6fffffff,35-44,Treatment
U01475,Regular,2025-12-14,HN,86415cb47ffffff,18-24,Treatment
U01476,Regular,2025-06-25,HN,86415cb4fffffff,18-24,Treatment
U01477,Regular,2025-10-09,HN,86415cb4fffffff,25-34,Treatment
U01478,Regular,2025-09-23,HN,86415ca67ffffff,18-24,Treatment
U01479,Regular,2026-01-01,HN,86415cb6fffffff,18-24,Treatment
U01480,Regular,2025-11-06,HN,8641436a7ffffff,35-44,Treatment
U01481,Regular,2025-01-04,HN,86415ca6fffffff,25-34,Treatment
U01482,Regular,2025-07-28,HN,86415ca2fffffff,18-24,Treatment
U01483,Regular,2025-12-21,HN,864143687ffffff,25-34,Holdout
U01484,Regular,2026-05-02,HN,86415cb47ffffff,18-24,Treatment
U01485,Regular,2025-02-06,HN,86415cb4fffffff,25-34,Holdout
U01486,Regular,2026-03-31,HN,86415cb67ffffff,18-24,Treatment
U01487,Regular,2026-03-27,HN,86415cb6fffffff,18-24,Treatment
U01488,Regular,2025-02-11,HN,864143697ffffff,18-24,Treatment
U01489,Regular,2026-05-13,HN,86415cb4fffffff,25-34,Treatment
U01490,Regular,2025-07-24,HN,864143697ffffff,18-24,Treatment
U01491,Regular,2025-08-13,HN,86415cb6fffffff,45+,Treatment
U01492,Regular,2025-07-04,HN,86415ca2fffffff,45+,Treatment
U01493,Regular,2025-10-05,HN,86415ca6fffffff,18-24,Treatment
U01494,Regular,2025-09-10,HN,86415cb6fffffff,25-34,Treatment
U01495,Regular,2025-10-16,HN,864143697ffffff,25-34,Treatment
U01496,Regular,2025-10-13,HN,8641436a7ffffff,35-44,Treatment
U01497,Regular,2025-06-18,HN,8641436a7ffffff,18-24,Holdout
U01498,Regular,2025-07-25,HN,86415cb57ffffff,25-34,Treatment
U01499,Regular,2025-02-17,HN,86415ca77ffffff,25-34,Treatment
U01500,Regular,2025-04-17,HN,86415ca2fffffff,18-24,Treatment
U01501,Regular,2025-03-23,HN,86415cb47ffffff,18-24,Treatment
U01502,Regular,2026-03-30,HN,86415cb5fffffff,18-24,Treatment
U01503,Regular,2026-02-12,HN,86415cb6fffffff,25-34,Treatment
U01504,Regular,2026-03-03,HN,86415cb67ffffff,45+,Treatment
U01505,Regular,2025-01-20,HN,86415cb67ffffff,25-34,Treatment
U01506,Regular,2025-09-25,HN,8641436b7ffffff,25-34,Treatment
U01507,Regular,2025-10-01,HN,8641436a7ffffff,18-24,Treatment
U01508,Regular,2025-09-13,HN,864143697ffffff,18-24,Treatment
U01509,Regular,2026-01-08,HN,86415cb5fffffff,25-34,Treatment
U01510,Regular,2026-02-11,HN,86415cb5fffffff,18-24,Treatment
U01511,Regular,2025-04-28,HN,86415cb4fffffff,45+,Treatment
U01512,Regular,2026-01-22,HN,86415ca67ffffff,18-24,Holdout
U01513,Regular,2025-04-04,HN,86415ca67ffffff,25-34,Treatment
U01514,Regular,2025-12-20,HN,86415cb6fffffff,35-44,Treatment
U01515,Regular,2025-08-07,HN,86415cb5fffffff,25-34,Treatment
U01516,Regular,2025-01-12,HN,86415cb5fffffff,35-44,Treatment
U01517,Regular,2025-11-25,HN,86415ca67ffffff,25-34,Treatment
U01518,Regular,2026-04-09,HN,86415cb47ffffff,18-24,Treatment
U01519,Regular,2025-03-24,HN,864143697ffffff,25-34,Treatment
U01520,Regular,2025-01-10,HN,86415ca77ffffff,45+,Treatment
U01521,Regular,2025-08-28,HN,86415ca67ffffff,45+,Treatment
U01522,Regular,2026-01-30,HN,86415cb5fffffff,45+,Treatment
U01523,Regular,2025-11-06,HN,86415cb6fffffff,35-44,Treatment
U01524,Regular,2026-01-10,HN,86415cb5fffffff,18-24,Treatment
U01525,Regular,2025-10-07,HN,86415ca67ffffff,45+,Treatment
U01526,Regular,2025-08-12,HN,86415ca2fffffff,25-34,Treatment
U01527,Regular,2026-01-23,HN,86415cb6fffffff,18-24,Treatment
U01528,Regular,2025-01-29,HN,86415cb4fffffff,35-44,Treatment
U01529,Regular,2025-09-17,HN,86415cb4fffffff,25-34,Treatment
U01530,Regular,2026-03-06,HN,86415ca47ffffff,25-34,Treatment
U01531,Regular,2026-02-20,HN,86415cb47ffffff,18-24,Treatment
U01532,Regular,2025-02-24,HN,8641436a7ffffff,25-34,Treatment
U01533,Regular,2025-04-28,HN,864143697ffffff,25-34,Treatment
U01534,Regular,2026-02-11,HN,86415ca2fffffff,35-44,Treatment
U01535,Regular,2026-04-17,HN,86415cb47ffffff,35-44,Treatment
U01536,Regular,2025-11-27,HN,8641436b7ffffff,25-34,Holdout
U01537,Regular,2025-11-21,HN,8641436b7ffffff,18-24,Treatment
U01538,Regular,2025-10-10,HN,86415cb47ffffff,18-24,Treatment
U01539,Regular,2025-11-04,HN,864143697ffffff,35-44,Treatment
U01540,Regular,2025-10-10,HN,86415cb5fffffff,25-34,Treatment
U01541,Regular,2025-08-12,HN,86414369fffffff,25-34,Treatment
U01542,Regular,2025-06-08,HN,8641436b7ffffff,25-34,Treatment
U01543,Regular,2025-10-12,HN,8641436a7ffffff,25-34,Treatment
U01544,Regular,2025-06-14,HN,86415ca2fffffff,25-34,Treatment
U01545,Regular,2026-03-01,HN,86415cb57ffffff,45+,Treatment
U01546,Regular,2026-04-13,HN,86415cb5fffffff,18-24,Holdout
U01547,Regular,2025-09-22,HN,864143697ffffff,25-34,Treatment
U01548,Regular,2025-10-25,HN,86415ca67ffffff,18-24,Treatment
U01549,Regular,2025-12-10,HN,86415cb5fffffff,45+,Treatment
U01550,Regular,2025-01-10,HN,86415ca67ffffff,45+,Treatment
U01551,Regular,2025-10-25,HN,8641436b7ffffff,18-24,Treatment
U01552,Regular,2025-12-18,HN,86415cb67ffffff,25-34,Treatment
U01553,Regular,2025-02-12,HN,86414369fffffff,18-24,Treatment
U01554,Regular,2025-10-24,HN,86415cb5fffffff,25-34,Holdout
U01555,Regular,2025-07-14,HN,86415cb67ffffff,35-44,Treatment
U01556,Regular,2026-01-13,HN,86415cb57ffffff,18-24,Treatment
U01557,Regular,2025-10-20,HN,864143697ffffff,45+,Treatment
U01558,Regular,2025-12-10,HN,86415ca67ffffff,35-44,Treatment
U01559,Regular,2025-04-20,HN,86415cb67ffffff,18-24,Treatment
U01560,Regular,2025-06-14,HN,8641436b7ffffff,25-34,Treatment
U01561,Regular,2026-03-06,HN,86415cb4fffffff,35-44,Treatment
U01562,Regular,2025-09-17,HN,86415ca67ffffff,45+,Treatment
U01563,Regular,2025-12-04,HN,86415cb5fffffff,18-24,Treatment
U01564,Regular,2025-12-23,HN,86415cb5fffffff,35-44,Treatment
U01565,Regular,2025-05-01,HN,86415cb6fffffff,18-24,Treatment
U01566,Regular,2026-03-03,HN,864143697ffffff,35-44,Treatment
U01567,Regular,2025-05-03,HN,86415cb5fffffff,35-44,Treatment
U01568,Regular,2025-02-09,HN,86415ca67ffffff,45+,Treatment
U01569,Regular,2025-09-06,HN,86415cb47ffffff,25-34,Treatment
U01570,Regular,2025-09-04,HN,86415cb6fffffff,25-34,Treatment
U01571,Regular,2025-10-28,HN,86414369fffffff,25-34,Treatment
U01572,Regular,2025-11-08,HN,864143697ffffff,18-24,Treatment
U01573,Regular,2026-03-30,HN,86415cb6fffffff,18-24,Treatment
U01574,Regular,2025-12-14,HN,86415ca47ffffff,18-24,Treatment
U01575,Regular,2026-01-07,HN,86415cb67ffffff,35-44,Holdout
U01576,Regular,2025-05-14,HN,86415cb4fffffff,45+,Holdout
U01577,Regular,2026-04-29,HN,86415ca6fffffff,25-34,Treatment
U01578,Regular,2025-04-15,HN,86414379fffffff,18-24,Holdout
U01579,Regular,2025-01-22,HN,8641436b7ffffff,25-34,Treatment
U01580,Regular,2025-02-27,HN,86415ca77ffffff,25-34,Treatment
U01581,Regular,2025-03-02,HN,8641436b7ffffff,25-34,Treatment
U01582,Regular,2025-10-02,HN,86415cb6fffffff,25-34,Holdout
U01583,Regular,2025-12-28,HN,86415cb6fffffff,25-34,Treatment
U01584,Regular,2025-05-17,HN,86415cb6fffffff,25-34,Treatment
U01585,Regular,2026-05-05,HN,86415ca67ffffff,25-34,Treatment
U01586,Regular,2026-02-15,HN,86415cb5fffffff,25-34,Treatment
U01587,Regular,2025-11-05,HN,86415ca67ffffff,18-24,Treatment
U01588,Regular,2026-04-05,HN,86414379fffffff,25-34,Treatment
U01589,Regular,2026-03-26,HN,86415cb4fffffff,35-44,Treatment
U01590,Regular,2025-11-21,HN,86415ca67ffffff,18-24,Holdout
U01591,Regular,2025-09-16,HN,86415ca6fffffff,18-24,Treatment
U01592,Regular,2025-05-15,HN,86415cb6fffffff,25-34,Treatment
U01593,Regular,2025-08-20,HN,86415cb6fffffff,25-34,Treatment
U01594,Regular,2025-10-27,HN,86415cb47ffffff,45+,Treatment
U01595,Regular,2025-06-21,HN,86415cb5fffffff,25-34,Treatment
U01596,Regular,2026-05-14,HN,86415ca6fffffff,18-24,Treatment
U01597,Regular,2025-02-01,HN,8641436b7ffffff,25-34,Treatment
U01598,Regular,2025-12-21,HN,86415cb5fffffff,25-34,Treatment
U01599,Regular,2025-08-11,HN,86415cb4fffffff,18-24,Treatment
U01600,Regular,2026-03-18,HN,86414369fffffff,35-44,Treatment
U01601,Regular,2026-02-17,HN,86415cb4fffffff,35-44,Treatment
U01602,Regular,2026-04-30,HN,86415cb4fffffff,35-44,Holdout
U01603,Regular,2026-05-14,HN,86415cb6fffffff,35-44,Treatment
U01604,Regular,2025-02-07,HN,86415cb6fffffff,18-24,Treatment
U01605,Regular,2025-08-12,HN,86415cb47ffffff,25-34,Treatment
U01606,Regular,2026-01-26,HN,86415cb6fffffff,25-34,Treatment
U01607,Regular,2025-06-07,HN,86415cb47ffffff,35-44,Treatment
U01608,Regular,2026-03-26,HN,86415ca6fffffff,45+,Treatment
U01609,Regular,2025-09-20,HN,86415ca67ffffff,18-24,Treatment
U01610,Regular,2025-06-16,HN,86415cb47ffffff,18-24,Treatment
U01611,Regular,2025-03-03,HN,86415cb5fffffff,25-34,Treatment
U01612,Regular,2025-07-07,HN,86415ca67ffffff,18-24,Treatment
U01613,Regular,2026-04-07,HN,86415cb47ffffff,35-44,Treatment
U01614,Regular,2026-05-03,HN,8641436a7ffffff,35-44,Holdout
U01615,Regular,2026-03-24,HN,86415cb5fffffff,35-44,Treatment
U01616,Regular,2025-08-12,HN,86415cb4fffffff,45+,Treatment
U01617,Regular,2026-02-28,HN,86415cb5fffffff,18-24,Treatment
U01618,Regular,2025-01-02,HN,86415cb4fffffff,35-44,Treatment
U01619,Regular,2025-05-11,HN,86415cb6fffffff,18-24,Treatment
U01620,Regular,2025-05-24,HN,86415ca67ffffff,25-34,Treatment
U01621,Regular,2026-03-21,HN,86415ca67ffffff,25-34,Treatment
U01622,Regular,2026-05-05,HN,86415cb6fffffff,25-34,Treatment
U01623,Regular,2025-01-14,HN,86415cb5fffffff,25-34,Treatment
U01624,Regular,2026-01-10,HN,86415cb77ffffff,25-34,Treatment
U01625,Regular,2025-03-20,HN,86415cb47ffffff,18-24,Treatment
U01626,Regular,2025-03-30,HN,86415ca67ffffff,45+,Treatment
U01627,Regular,2025-04-24,HN,86415cb4fffffff,18-24,Treatment
U01628,Regular,2025-06-21,HN,864143697ffffff,25-34,Holdout
U01629,Regular,2025-12-26,HN,8641436a7ffffff,35-44,Treatment
U01630,Regular,2026-01-10,HN,86415cb5fffffff,25-34,Treatment
U01631,Regular,2025-10-10,HN,86415cb4fffffff,18-24,Treatment
U01632,Regular,2025-05-14,HN,86415cb47ffffff,35-44,Treatment
U01633,Regular,2025-08-09,HN,86415cb6fffffff,35-44,Treatment
U01634,Regular,2025-01-06,HN,86415cb5fffffff,18-24,Treatment
U01635,Regular,2025-11-14,HN,86415cb47ffffff,35-44,Treatment
U01636,Regular,2025-11-15,HN,864143697ffffff,18-24,Holdout
U01637,Regular,2026-02-24,HN,86415cb47ffffff,18-24,Treatment
U01638,Regular,2025-11-13,HN,86415ca47ffffff,35-44,Treatment
U01639,Regular,2025-01-03,HN,86415ca67ffffff,45+,Treatment
U01640,Regular,2026-02-22,HN,86415cb6fffffff,25-34,Treatment
U01641,Regular,2026-02-20,HN,86415ca67ffffff,25-34,Treatment
U01642,Regular,2025-04-07,HN,86415ca2fffffff,25-34,Treatment
U01643,Regular,2025-12-04,HN,864143697ffffff,45+,Treatment
U01644,Regular,2025-12-01,HN,86415cb5fffffff,25-34,Holdout
U01645,Regular,2025-07-05,HN,86415cb5fffffff,18-24,Treatment
U01646,Regular,2025-08-26,HN,8641436b7ffffff,35-44,Treatment
U01647,Regular,2025-10-24,HN,86415ca67ffffff,35-44,Treatment
U01648,Regular,2026-04-09,HN,86415ca77ffffff,25-34,Holdout
U01649,Regular,2026-02-27,HN,86415cb6fffffff,18-24,Treatment
U01650,Regular,2026-02-08,HN,86414369fffffff,25-34,Treatment
U01651,Regular,2025-10-15,HN,86415ca67ffffff,25-34,Treatment
U01652,Regular,2025-04-20,HN,86415cb5fffffff,18-24,Treatment
U01653,Regular,2026-01-12,HN,86415ca67ffffff,18-24,Treatment
U01654,Regular,2025-06-21,HN,86415cb6fffffff,45+,Treatment
U01655,Regular,2026-03-10,HN,86415cb5fffffff,18-24,Treatment
U01656,Regular,2025-04-16,HN,86415cb5fffffff,18-24,Treatment
U01657,Regular,2025-06-28,HN,86414379fffffff,18-24,Treatment
U01658,Regular,2025-01-26,HN,86415cb47ffffff,18-24,Treatment
U01659,Regular,2025-08-23,HN,86414379fffffff,25-34,Treatment
U01660,Regular,2025-08-16,HN,86415cb5fffffff,18-24,Holdout
U01661,Regular,2025-03-24,HN,86415cb5fffffff,45+,Treatment
U01662,Regular,2025-09-10,HN,86415cb6fffffff,45+,Treatment
U01663,Regular,2026-02-14,HN,86415ca47ffffff,35-44,Treatment
U01664,Regular,2025-03-20,HN,864143697ffffff,18-24,Treatment
U01665,Regular,2026-03-31,HN,86415ca2fffffff,25-34,Treatment
U01666,Regular,2025-12-03,HN,86415cb5fffffff,18-24,Holdout
U01667,Regular,2025-07-12,HN,86415cb4fffffff,18-24,Treatment
U01668,Regular,2026-04-24,HN,86415cb47ffffff,25-34,Holdout
U01669,Regular,2025-07-04,HN,86415cb6fffffff,18-24,Treatment
U01670,Regular,2026-03-19,HN,86415ca67ffffff,45+,Treatment
U01671,Regular,2026-01-07,HN,86415cb6fffffff,35-44,Treatment
U01672,Regular,2026-02-05,HN,86415cb6fffffff,25-34,Treatment
U01673,Regular,2025-04-13,HN,86415ca6fffffff,18-24,Treatment
U01674,Regular,2025-12-28,HN,86415cb6fffffff,25-34,Treatment
U01675,Regular,2025-10-06,HN,86415cb4fffffff,18-24,Treatment
U01676,Regular,2025-11-29,HN,86415cb67ffffff,18-24,Treatment
U01677,Regular,2025-10-09,HN,86414379fffffff,25-34,Treatment
U01678,Regular,2026-03-04,HN,86415cb47ffffff,25-34,Treatment
U01679,Regular,2025-07-23,HN,86415cb4fffffff,45+,Treatment
U01680,Regular,2025-05-24,HN,86415cb5fffffff,18-24,Holdout
U01681,Regular,2025-10-31,HN,86415cb5fffffff,18-24,Holdout
U01682,Regular,2025-04-19,HN,86415cb4fffffff,35-44,Treatment
U01683,Regular,2025-09-08,HN,86415cb6fffffff,25-34,Treatment
U01684,Regular,2025-04-03,HN,86415cb4fffffff,25-34,Treatment
U01685,Regular,2025-03-23,HN,86415ca67ffffff,25-34,Treatment
U01686,Regular,2025-05-14,HN,86414379fffffff,25-34,Treatment
U01687,Regular,2025-04-05,HN,86415cb5fffffff,35-44,Treatment
U01688,Regular,2025-04-15,HN,86415cb47ffffff,35-44,Treatment
U01689,Regular,2025-03-16,HN,86415cb5fffffff,18-24,Holdout
U01690,Regular,2025-05-15,HN,86415cb5fffffff,35-44,Treatment
U01691,Regular,2025-07-24,HN,86415cb6fffffff,25-34,Treatment
U01692,Regular,2025-02-13,HN,86415ca67ffffff,18-24,Holdout
U01693,Regular,2025-06-21,HN,86415cb47ffffff,45+,Holdout
U01694,Regular,2025-09-28,HN,86415cb6fffffff,25-34,Treatment
U01695,Regular,2025-05-01,HN,864143697ffffff,25-34,Treatment
U01696,Regular,2026-01-29,HN,86415cb5fffffff,18-24,Treatment
U01697,Regular,2026-02-05,HN,86415cb4fffffff,45+,Treatment
U01698,Regular,2025-01-12,HN,86415cb4fffffff,18-24,Treatment
U01699,Regular,2025-08-05,HN,86415cb5fffffff,18-24,Treatment
U01700,Regular,2025-11-24,HN,86415cb47ffffff,18-24,Treatment
U01701,Regular,2025-11-26,HN,86415cb6fffffff,25-34,Treatment
U01702,Regular,2025-01-17,HN,864143697ffffff,18-24,Treatment
U01703,Regular,2026-03-08,HN,864143697ffffff,25-34,Treatment
U01704,Regular,2025-01-12,HN,86415cb5fffffff,45+,Treatment
U01705,Regular,2025-06-11,HN,86415cb77ffffff,25-34,Treatment
U01706,Regular,2025-09-25,HN,86415cb5fffffff,18-24,Holdout
U01707,Regular,2025-10-11,HN,86415cb47ffffff,25-34,Treatment
U01708,Regular,2026-02-12,HN,86415ca77ffffff,25-34,Treatment
U01709,Regular,2025-06-15,HN,86415cb5fffffff,25-34,Treatment
U01710,Regular,2026-02-17,HN,864143697ffffff,25-34,Treatment
U01711,Regular,2025-07-31,HN,86415cb5fffffff,25-34,Holdout
U01712,Regular,2025-04-16,HN,86415ca77ffffff,35-44,Treatment
U01713,Regular,2026-01-17,HN,8641436a7ffffff,25-34,Treatment
U01714,Regular,2025-06-25,HN,86415ca2fffffff,35-44,Treatment
U01715,Regular,2025-10-19,HN,86415ca6fffffff,35-44,Treatment
U01716,Regular,2025-01-28,HN,86415cb4fffffff,35-44,Treatment
U01717,Regular,2026-04-09,HN,86415cb5fffffff,18-24,Treatment
U01718,Regular,2025-02-27,HN,86415ca2fffffff,25-34,Treatment
U01719,Regular,2026-04-15,HN,86415ca67ffffff,25-34,Treatment
U01720,Regular,2025-08-27,HN,86415cb5fffffff,18-24,Treatment
U01721,Regular,2025-11-30,HN,86415cb67ffffff,18-24,Treatment
U01722,Regular,2026-01-29,HN,86415ca67ffffff,25-34,Treatment
U01723,Regular,2025-12-05,HN,8641436a7ffffff,45+,Treatment
U01724,Regular,2025-02-20,HN,86414379fffffff,18-24,Treatment
U01725,Regular,2025-09-23,HN,864143697ffffff,25-34,Treatment
U01726,Regular,2025-08-30,HN,86415ca47ffffff,25-34,Treatment
U01727,Regular,2025-03-02,HN,86415cb4fffffff,35-44,Treatment
U01728,Regular,2025-08-01,HN,864143697ffffff,25-34,Treatment
U01729,Regular,2025-06-12,HN,86415ca6fffffff,45+,Treatment
U01730,Regular,2025-12-11,HN,86415cb6fffffff,18-24,Treatment
U01731,Regular,2025-08-22,HN,86415cb4fffffff,25-34,Treatment
U01732,Regular,2025-04-11,HN,86415ca67ffffff,35-44,Treatment
U01733,Regular,2025-02-12,HN,8641436a7ffffff,25-34,Holdout
U01734,Regular,2025-06-02,HN,86415cb6fffffff,18-24,Holdout
U01735,Regular,2025-03-19,HN,86415ca67ffffff,18-24,Treatment
U01736,Regular,2025-12-24,HN,86415ca6fffffff,35-44,Treatment
U01737,Regular,2026-01-26,HN,86415ca47ffffff,18-24,Treatment
U01738,Regular,2025-09-28,HN,86415ca2fffffff,25-34,Treatment
U01739,Regular,2026-01-27,HN,86415cb5fffffff,25-34,Treatment
U01740,Regular,2025-01-09,HN,86415ca67ffffff,18-24,Treatment
U01741,Regular,2025-07-05,HN,8641436b7ffffff,25-34,Treatment
U01742,Regular,2025-08-20,HN,86415cb5fffffff,35-44,Treatment
U01743,Regular,2025-03-16,HN,86415ca77ffffff,18-24,Holdout
U01744,Regular,2025-10-30,HN,86415cb57ffffff,35-44,Holdout
U01745,Regular,2025-11-23,HN,8641436a7ffffff,25-34,Treatment
U01746,Regular,2025-04-08,HN,86415cb6fffffff,18-24,Treatment
U01747,Regular,2025-01-03,HN,8641436b7ffffff,25-34,Treatment
U01748,Regular,2025-04-30,HN,86415ca6fffffff,18-24,Treatment
U01749,Regular,2025-10-06,HN,86415cb4fffffff,25-34,Treatment
U01750,Regular,2026-01-30,HN,86415cb5fffffff,18-24,Treatment
U01751,Regular,2025-04-04,HN,86415ca67ffffff,45+,Holdout
U01752,Regular,2026-01-21,HN,8641436a7ffffff,25-34,Treatment
U01753,Regular,2025-03-19,HN,8641436a7ffffff,18-24,Treatment
U01754,Regular,2025-11-17,HN,864143697ffffff,35-44,Treatment
U01755,Regular,2025-06-27,HN,864143687ffffff,25-34,Treatment
U01756,Regular,2025-11-28,HN,86415cb6fffffff,35-44,Treatment
U01757,Regular,2025-04-03,HN,86415cb5fffffff,18-24,Treatment
U01758,Regular,2025-08-03,HN,864143697ffffff,18-24,Treatment
U01759,Regular,2026-03-13,HN,86415cb4fffffff,18-24,Treatment
U01760,Regular,2025-10-10,HN,86415cb6fffffff,18-24,Treatment
U01761,Regular,2026-04-30,HN,86415cb6fffffff,18-24,Treatment
U01762,Regular,2025-01-23,HN,86415cb4fffffff,45+,Treatment
U01763,Regular,2026-05-08,HN,86414369fffffff,18-24,Treatment
U01764,Regular,2025-10-02,HN,86415ca67ffffff,35-44,Treatment
U01765,Regular,2026-02-07,HN,86415cb67ffffff,18-24,Treatment
U01766,Regular,2025-06-29,HN,86415cb6fffffff,35-44,Treatment
U01767,Regular,2026-03-19,HN,86415cb67ffffff,25-34,Treatment
U01768,Regular,2025-04-21,HN,86415cb4fffffff,25-34,Treatment
U01769,Regular,2026-01-14,HN,86415cb6fffffff,18-24,Treatment
U01770,Regular,2025-03-18,HN,86415ca77ffffff,45+,Treatment
U01771,Regular,2026-02-07,HN,86415ca67ffffff,18-24,Treatment
U01772,Regular,2025-05-23,HN,86415cb6fffffff,25-34,Treatment
U01773,Regular,2025-03-04,HN,86415cb5fffffff,25-34,Treatment
U01774,Regular,2025-09-26,HN,864143697ffffff,25-34,Treatment
U01775,Regular,2025-01-13,HN,86415cb5fffffff,25-34,Treatment
U01776,Regular,2025-05-24,HN,864143697ffffff,18-24,Treatment
U01777,Regular,2025-11-13,HN,86415ca77ffffff,18-24,Treatment
U01778,Regular,2026-03-24,HN,86415cb47ffffff,45+,Treatment
U01779,Regular,2025-11-07,HN,86415cb57ffffff,18-24,Treatment
U01780,Regular,2025-08-19,HN,864143687ffffff,35-44,Treatment
U01781,Regular,2025-02-18,HN,864143697ffffff,45+,Treatment
U01782,Regular,2025-11-03,HN,86415cb5fffffff,25-34,Holdout
U01783,Regular,2025-11-04,HN,86415ca67ffffff,18-24,Treatment
U01784,Regular,2026-01-07,HN,86415ca67ffffff,25-34,Treatment
U01785,Regular,2026-03-29,HN,8641436a7ffffff,25-34,Treatment
U01786,Regular,2026-01-09,HN,86415ca67ffffff,25-34,Treatment
U01787,Regular,2026-02-03,HN,86415cb4fffffff,35-44,Treatment
U01788,Regular,2026-01-27,HN,86415cb5fffffff,25-34,Treatment
U01789,Regular,2026-04-09,HN,86415cb6fffffff,18-24,Treatment
U01790,Regular,2025-12-05,HN,864143687ffffff,25-34,Treatment
U01791,Regular,2025-09-03,HN,8641436a7ffffff,25-34,Treatment
U01792,Regular,2025-02-14,HN,86414379fffffff,45+,Treatment
U01793,Regular,2025-10-07,HN,86415ca47ffffff,18-24,Treatment
U01794,Regular,2026-03-11,HN,86415cb5fffffff,25-34,Treatment
U01795,Regular,2026-01-12,HN,8641436b7ffffff,18-24,Treatment
U01796,Regular,2025-06-05,HN,8641436b7ffffff,25-34,Treatment
U01797,Regular,2026-04-23,HN,8641436a7ffffff,25-34,Treatment
U01798,Regular,2025-09-12,HN,8641436a7ffffff,18-24,Treatment
U01799,Regular,2026-03-04,HN,8641436b7ffffff,35-44,Treatment
U01800,Regular,2025-06-03,HN,86415cb6fffffff,25-34,Treatment
U01801,Regular,2025-09-29,HN,8641436b7ffffff,25-34,Treatment
U01802,Regular,2025-07-28,HN,86415cb4fffffff,18-24,Treatment
U01803,Regular,2025-10-09,HN,86415ca6fffffff,18-24,Treatment
U01804,Regular,2025-10-03,HN,86415cb5fffffff,35-44,Treatment
U01805,Regular,2025-06-01,HN,86414379fffffff,25-34,Treatment
U01806,Regular,2025-01-08,HN,86415cb6fffffff,35-44,Treatment
U01807,Regular,2025-09-13,HN,86415ca2fffffff,25-34,Treatment
U01808,Regular,2025-01-30,HN,86415cb6fffffff,45+,Treatment
U01809,Regular,2025-05-10,HN,86415cb6fffffff,25-34,Treatment
U01810,Regular,2025-01-24,HN,86415ca6fffffff,25-34,Treatment
U01811,Regular,2026-04-05,HN,86415cb5fffffff,25-34,Treatment
U01812,Regular,2025-12-07,HN,86415ca6fffffff,25-34,Treatment
U01813,Regular,2026-01-23,HN,86415ca6fffffff,25-34,Treatment
U01814,Regular,2025-07-12,HN,86415ca67ffffff,18-24,Holdout
U01815,Regular,2025-08-29,HN,86415cb47ffffff,25-34,Treatment
U01816,Regular,2025-12-13,HN,86415ca77ffffff,35-44,Treatment
U01817,Regular,2026-02-12,HN,86415cb4fffffff,25-34,Treatment
U01818,Regular,2025-05-05,HN,8641436a7ffffff,18-24,Treatment
U01819,Regular,2025-04-05,HN,864143687ffffff,18-24,Holdout
U01820,Regular,2025-09-25,HN,86415cb5fffffff,35-44,Holdout
U01821,Regular,2025-07-13,HN,864143697ffffff,45+,Treatment
U01822,Regular,2026-05-08,HN,86415cb4fffffff,25-34,Treatment
U01823,Regular,2025-08-22,HN,86415cb4fffffff,25-34,Treatment
U01824,Regular,2025-02-22,HN,86415cb6fffffff,35-44,Treatment
U01825,Regular,2025-08-31,HN,86415ca67ffffff,18-24,Treatment
U01826,Regular,2025-06-23,HN,86415cb5fffffff,18-24,Treatment
U01827,Regular,2026-03-23,HN,86415ca67ffffff,35-44,Holdout
U01828,Regular,2026-04-05,HN,86415ca67ffffff,25-34,Treatment
U01829,Regular,2025-12-11,HN,8641436b7ffffff,35-44,Treatment
U01830,Regular,2026-01-13,HN,86414369fffffff,18-24,Treatment
U01831,Regular,2025-10-17,HN,86415cb67ffffff,25-34,Treatment
U01832,Regular,2025-08-10,HN,86415ca47ffffff,25-34,Holdout
U01833,Regular,2025-07-06,HN,86415cb67ffffff,35-44,Treatment
U01834,Regular,2025-06-20,HN,86415cb67ffffff,18-24,Holdout
U01835,Regular,2025-05-16,HN,86415ca77ffffff,18-24,Holdout
U01836,Regular,2025-04-08,HN,86415cb67ffffff,35-44,Treatment
U01837,Regular,2025-04-23,HN,86415cb4fffffff,25-34,Treatment
U01838,Regular,2026-05-07,HN,864143697ffffff,35-44,Treatment
U01839,Regular,2025-04-29,HN,8641436a7ffffff,25-34,Treatment
U01840,Regular,2026-01-26,HN,86415cb6fffffff,18-24,Treatment
U01841,Regular,2025-10-13,HN,86415cb5fffffff,35-44,Treatment
U01842,Regular,2026-04-10,HN,86415cb4fffffff,35-44,Treatment
U01843,Regular,2025-10-05,HN,86415cb5fffffff,25-34,Holdout
U01844,Regular,2025-10-25,HN,86415cb5fffffff,25-34,Treatment
U01845,Regular,2025-06-12,HN,8641436a7ffffff,25-34,Treatment
U01846,Regular,2025-04-08,HN,86415cb4fffffff,35-44,Treatment
U01847,Regular,2025-04-08,HN,86415cb57ffffff,45+,Treatment
U01848,Regular,2025-01-05,HN,8641436b7ffffff,25-34,Treatment
U01849,Regular,2025-12-14,HN,86415cb67ffffff,35-44,Treatment
U01850,Regular,2025-05-07,HN,86415cb4fffffff,18-24,Treatment
U01851,Regular,2026-05-04,HN,86415cb6fffffff,45+,Treatment
U01852,Regular,2026-05-06,HN,8641436b7ffffff,25-34,Treatment
U01853,Regular,2025-10-10,HN,86415cb4fffffff,18-24,Treatment
U01854,Regular,2025-05-04,HN,86415ca77ffffff,18-24,Treatment
U01855,Regular,2025-02-05,HN,8641436a7ffffff,25-34,Treatment
U01856,Regular,2025-12-14,HN,86415cb5fffffff,25-34,Treatment
U01857,Regular,2025-10-18,HN,86415cb6fffffff,18-24,Treatment
U01858,Regular,2026-04-23,HN,86415cb4fffffff,25-34,Treatment
U01859,Regular,2025-05-07,HN,86415cb57ffffff,35-44,Treatment
U01860,Regular,2026-01-18,HN,86415ca67ffffff,18-24,Treatment
U01861,Regular,2025-12-15,HN,8641436b7ffffff,18-24,Holdout
U01862,Regular,2025-11-16,HN,86415cb5fffffff,18-24,Holdout
U01863,Regular,2026-03-27,HN,86415ca67ffffff,25-34,Treatment
U01864,Regular,2025-08-03,HN,864143697ffffff,25-34,Holdout
U01865,Regular,2025-12-15,HN,8641436b7ffffff,45+,Treatment
U01866,Regular,2025-02-20,HN,86415cb4fffffff,18-24,Treatment
U01867,Regular,2025-02-21,HN,864143697ffffff,25-34,Treatment
U01868,Regular,2025-01-04,HN,86415cb6fffffff,35-44,Treatment
U01869,Regular,2025-07-17,HN,86415cb5fffffff,35-44,Treatment
U01870,Regular,2025-07-10,HN,86415ca67ffffff,18-24,Treatment
U01871,Regular,2025-08-01,HN,8641436a7ffffff,35-44,Treatment
U01872,Regular,2025-03-31,HN,86415cb4fffffff,25-34,Holdout
U01873,Regular,2025-09-01,HN,86415cb5fffffff,35-44,Treatment
U01874,Regular,2026-01-14,HN,86415cb5fffffff,45+,Treatment
U01875,Regular,2025-05-15,HN,86415cb5fffffff,18-24,Holdout
U01876,Regular,2025-10-31,HN,86415cb47ffffff,18-24,Treatment
U01877,Regular,2025-08-11,HN,86415cb6fffffff,18-24,Treatment
U01878,Regular,2025-12-30,HN,86415cb4fffffff,25-34,Treatment
U01879,Regular,2025-09-05,HN,86415cb4fffffff,25-34,Treatment
U01880,Regular,2025-04-11,HN,86415cb4fffffff,25-34,Holdout
U01881,Regular,2025-02-24,HN,86415cb67ffffff,25-34,Holdout
U01882,Regular,2025-03-06,HN,86415ca47ffffff,18-24,Treatment
U01883,Regular,2025-11-28,HN,86415cb5fffffff,45+,Treatment
U01884,Regular,2025-02-15,HN,86415ca67ffffff,18-24,Treatment
U01885,Regular,2025-10-02,HN,86414379fffffff,18-24,Treatment
U01886,Regular,2025-05-01,HN,86415cb6fffffff,25-34,Treatment
U01887,Regular,2025-06-04,HN,86415ca6fffffff,18-24,Holdout
U01888,Regular,2025-11-10,HN,86415ca6fffffff,18-24,Treatment
U01889,Regular,2025-07-25,HN,86415cb5fffffff,25-34,Treatment
U01890,Regular,2025-06-27,HN,8641436b7ffffff,25-34,Treatment
U01891,Regular,2025-02-08,HN,86415cb4fffffff,35-44,Treatment
U01892,Regular,2025-10-02,HN,8641436b7ffffff,25-34,Treatment
U01893,Regular,2025-03-24,HN,864143697ffffff,25-34,Treatment
U01894,Regular,2026-05-14,HN,86415ca67ffffff,18-24,Holdout
U01895,Regular,2026-04-15,HN,864143697ffffff,18-24,Treatment
U01896,Regular,2025-09-02,HN,86415ca77ffffff,25-34,Treatment
U01897,Regular,2025-09-21,HN,86415ca67ffffff,25-34,Treatment
U01898,Regular,2026-01-11,HN,86415cb5fffffff,35-44,Treatment
U01899,Regular,2025-05-19,HN,8641436a7ffffff,35-44,Treatment
U01900,Regular,2026-01-23,HN,86415cb57ffffff,25-34,Treatment
U01901,Regular,2025-10-08,HN,86414369fffffff,25-34,Treatment
U01902,Regular,2025-12-07,HN,86415ca67ffffff,25-34,Treatment
U01903,Regular,2026-03-04,HN,86415ca2fffffff,18-24,Treatment
U01904,Regular,2025-12-10,HN,86415ca67ffffff,45+,Holdout
U01905,Regular,2025-08-30,HN,8641436b7ffffff,25-34,Treatment
U01906,Regular,2026-03-31,HN,86415ca2fffffff,18-24,Treatment
U01907,Regular,2026-03-23,HN,86415ca2fffffff,35-44,Treatment
U01908,Regular,2025-08-15,HN,86415cb4fffffff,18-24,Treatment
U01909,Regular,2025-02-24,HN,86415cb47ffffff,25-34,Treatment
U01910,Regular,2025-06-02,HN,86415cb5fffffff,18-24,Holdout
U01911,Regular,2025-04-25,HN,8641436b7ffffff,25-34,Treatment
U01912,Regular,2025-03-06,HN,86415cb5fffffff,25-34,Treatment
U01913,Regular,2025-01-06,HN,86415cb5fffffff,35-44,Treatment
U01914,Regular,2025-11-05,HN,86415ca67ffffff,35-44,Treatment
U01915,Regular,2026-01-17,HN,86415cb5fffffff,35-44,Treatment
U01916,Regular,2025-10-25,HN,86415ca67ffffff,25-34,Treatment
U01917,Regular,2025-08-11,HN,86415ca67ffffff,25-34,Treatment
U01918,Regular,2025-06-19,HN,86415ca77ffffff,18-24,Treatment
U01919,Regular,2025-07-31,HN,86415cb6fffffff,25-34,Treatment
U01920,Regular,2025-05-02,HN,8641436b7ffffff,25-34,Treatment
U01921,Regular,2025-08-14,HN,8641436b7ffffff,35-44,Treatment
U01922,Regular,2025-03-14,HN,86415cb47ffffff,25-34,Treatment
U01923,Regular,2026-02-28,HN,86415cb47ffffff,25-34,Treatment
U01924,Regular,2025-08-21,HN,86415cb4fffffff,45+,Treatment
U01925,Regular,2025-01-28,HN,864143687ffffff,35-44,Treatment
U01926,Regular,2026-02-12,HN,864143697ffffff,18-24,Treatment
U01927,Regular,2025-03-08,HN,86415cb47ffffff,18-24,Treatment
U01928,Regular,2025-09-30,HN,86415cb5fffffff,45+,Treatment
U01929,Regular,2025-06-20,HN,86415ca67ffffff,45+,Treatment
U01930,Regular,2025-07-26,HN,86415ca2fffffff,25-34,Treatment
U01931,Regular,2026-02-25,HN,86415cb5fffffff,25-34,Treatment
U01932,Regular,2026-03-26,HN,864143697ffffff,35-44,Treatment
U01933,Regular,2026-02-05,HN,864143697ffffff,35-44,Treatment
U01934,Regular,2025-02-03,HN,864143697ffffff,35-44,Holdout
U01935,Regular,2026-04-20,HN,86415cb4fffffff,18-24,Treatment
U01936,Regular,2026-05-03,HN,864143697ffffff,35-44,Treatment
U01937,Regular,2025-03-19,HN,8641436b7ffffff,35-44,Treatment
U01938,Regular,2025-05-08,HN,86415ca67ffffff,25-34,Treatment
U01939,Regular,2025-05-16,HN,86415cb5fffffff,18-24,Treatment
U01940,Regular,2026-02-10,HN,86415cb5fffffff,18-24,Treatment
U01941,Regular,2025-05-06,HN,86415cb4fffffff,18-24,Treatment
U01942,Regular,2026-05-07,HN,86415ca67ffffff,18-24,Treatment
U01943,Regular,2025-07-02,HN,864143697ffffff,45+,Treatment
U01944,Regular,2025-10-29,HN,864143697ffffff,25-34,Treatment
U01945,Regular,2025-10-14,HN,86415ca67ffffff,35-44,Treatment
U01946,Regular,2026-01-09,HN,86415cb6fffffff,25-34,Treatment
U01947,Regular,2025-02-24,HN,86415cb47ffffff,18-24,Holdout
U01948,Regular,2026-03-18,HN,864143697ffffff,25-34,Treatment
U01949,Regular,2025-02-14,HN,864143697ffffff,25-34,Treatment
U01950,Regular,2025-05-17,HN,86414369fffffff,18-24,Holdout
U01951,Regular,2026-01-08,HN,86415cb6fffffff,25-34,Treatment
U01952,Regular,2025-03-13,HN,86415cb6fffffff,35-44,Holdout
U01953,Regular,2025-10-05,HN,86415cb5fffffff,18-24,Treatment
U01954,Regular,2025-10-25,HN,86415cb5fffffff,18-24,Treatment
U01955,Regular,2025-11-14,HN,86415ca6fffffff,35-44,Treatment
U01956,Regular,2026-04-02,HN,86415ca67ffffff,25-34,Holdout
U01957,Regular,2025-07-24,HN,86415cb4fffffff,45+,Treatment
U01958,Regular,2026-02-24,HN,86415cb4fffffff,25-34,Treatment
U01959,Regular,2025-02-04,HN,86415ca2fffffff,18-24,Treatment
U01960,Regular,2025-10-09,HN,864143697ffffff,18-24,Treatment
U01961,Regular,2025-10-19,HN,8641436b7ffffff,25-34,Treatment
U01962,Regular,2026-01-12,HN,86415cb4fffffff,35-44,Treatment
U01963,Regular,2025-11-16,HN,86415ca67ffffff,18-24,Treatment
U01964,Regular,2025-08-11,HN,86415cb5fffffff,45+,Treatment
U01965,Regular,2026-05-01,HN,86415cb5fffffff,35-44,Treatment
U01966,Regular,2025-03-23,HN,86415ca67ffffff,35-44,Treatment
U01967,Regular,2025-08-14,HN,86415cb4fffffff,18-24,Holdout
U01968,Regular,2025-10-25,HN,86414369fffffff,18-24,Treatment
U01969,Regular,2025-10-16,HN,86415ca67ffffff,35-44,Treatment
U01970,Regular,2025-05-13,HN,86415ca2fffffff,35-44,Treatment
U01971,Regular,2025-08-20,HN,86415ca2fffffff,35-44,Treatment
U01972,Regular,2026-02-07,HN,86414369fffffff,35-44,Treatment
U01973,Regular,2025-10-30,HN,86415ca67ffffff,25-34,Treatment
U01974,Regular,2025-10-22,HN,86415cb4fffffff,18-24,Treatment
U01975,Regular,2025-02-19,HN,86415cb4fffffff,45+,Treatment
U01976,Regular,2025-05-03,HN,864143697ffffff,35-44,Treatment
U01977,Regular,2025-03-16,HN,86415ca67ffffff,25-34,Treatment
U01978,Regular,2025-05-13,HN,86415ca67ffffff,18-24,Treatment
U01979,Regular,2025-03-09,HN,864143697ffffff,18-24,Treatment
U01980,Regular,2025-09-10,HN,86415cb4fffffff,25-34,Treatment
U01981,Regular,2026-02-20,HN,86415cb77ffffff,18-24,Treatment
U01982,Regular,2025-09-12,HN,86415ca6fffffff,25-34,Holdout
U01983,Regular,2026-03-23,HN,86415cb6fffffff,18-24,Treatment
U01984,Regular,2026-01-25,HN,86415cb4fffffff,18-24,Treatment
U01985,Regular,2026-04-15,HN,86415ca6fffffff,25-34,Treatment
U01986,Regular,2025-04-15,HN,8641436a7ffffff,18-24,Treatment
U01987,Regular,2025-06-23,HN,86415cb67ffffff,25-34,Treatment
U01988,Regular,2025-11-11,HN,86415ca6fffffff,18-24,Treatment
U01989,Regular,2025-09-28,HN,86415cb5fffffff,18-24,Treatment
U01990,Regular,2025-12-29,HN,86415cb4fffffff,18-24,Holdout
U01991,Regular,2026-04-28,HN,86415cb6fffffff,25-34,Treatment
U01992,Regular,2025-07-08,HN,8641436b7ffffff,18-24,Treatment
U01993,Regular,2026-03-18,HN,864143697ffffff,18-24,Treatment
U01994,Regular,2025-08-12,HN,86415cb67ffffff,45+,Treatment
U01995,Regular,2025-01-06,HN,8641436a7ffffff,18-24,Treatment
U01996,Regular,2026-05-14,HN,86415cb4fffffff,25-34,Treatment
U01997,Regular,2025-08-27,HN,8641436b7ffffff,18-24,Treatment
U01998,Regular,2026-01-02,HN,8641436b7ffffff,18-24,Treatment
U01999,Regular,2025-05-21,HN,864143697ffffff,35-44,Treatment
U02000,Regular,2026-05-01,HN,86415ca67ffffff,25-34,Treatment
U02001,Regular,2025-11-05,HN,86415cb6fffffff,25-34,Treatment
U02002,Regular,2025-05-06,HN,86414379fffffff,18-24,Treatment
U02003,Regular,2025-11-12,HN,86415cb6fffffff,35-44,Treatment
U02004,Regular,2026-05-09,HN,86415cb4fffffff,45+,Treatment
U02005,Regular,2026-04-01,HN,86415cb57ffffff,18-24,Treatment
U02006,Regular,2025-03-26,HN,86415ca67ffffff,35-44,Treatment
U02007,Regular,2025-05-22,HN,864143697ffffff,25-34,Treatment
U02008,Regular,2025-10-12,HN,864143697ffffff,25-34,Treatment
U02009,Regular,2026-04-22,HN,86415cb5fffffff,25-34,Treatment
U02010,Regular,2025-04-27,HN,8641436a7ffffff,35-44,Treatment
U02011,Regular,2026-05-06,HN,86415ca6fffffff,45+,Treatment
U02012,Regular,2026-03-14,HN,86415ca67ffffff,35-44,Treatment
U02013,Regular,2026-02-01,HN,86415cb57ffffff,25-34,Treatment
U02014,Regular,2025-12-24,HN,86415cb5fffffff,35-44,Treatment
U02015,Regular,2025-09-09,HN,86415ca67ffffff,25-34,Treatment
U02016,Regular,2025-08-12,HN,86415cb6fffffff,18-24,Treatment
U02017,Regular,2026-03-31,HN,8641436a7ffffff,25-34,Treatment
U02018,Regular,2025-12-18,HN,86415cb6fffffff,25-34,Treatment
U02019,Regular,2025-12-20,HN,86414369fffffff,18-24,Treatment
U02020,Regular,2026-01-26,HN,86415ca6fffffff,25-34,Treatment
U02021,Regular,2025-10-24,HN,864143697ffffff,35-44,Treatment
U02022,Regular,2026-02-13,HN,86415cb57ffffff,25-34,Treatment
U02023,Regular,2025-11-14,HN,86415ca6fffffff,18-24,Treatment
U02024,Regular,2026-02-08,HN,86415cb67ffffff,35-44,Treatment
U02025,Regular,2026-02-25,HN,86415cb5fffffff,18-24,Treatment
U02026,Regular,2026-04-19,HN,86414369fffffff,18-24,Holdout
U02027,Regular,2026-05-06,HN,86415cb67ffffff,35-44,Treatment
U02028,Regular,2025-12-25,HN,86415cb5fffffff,25-34,Holdout
U02029,Regular,2026-03-27,HN,864143697ffffff,25-34,Treatment
U02030,Regular,2025-04-30,HN,86415cb67ffffff,25-34,Treatment
U02031,Regular,2026-02-01,HN,86415cb4fffffff,45+,Treatment
U02032,Regular,2026-04-18,HN,86415cb6fffffff,35-44,Treatment
U02033,Regular,2025-09-12,HN,86415cb4fffffff,35-44,Treatment
U02034,Regular,2025-03-27,HN,86415cb47ffffff,25-34,Treatment
U02035,Regular,2025-10-27,HN,86415cb77ffffff,18-24,Treatment
U02036,Regular,2025-02-11,HN,86415ca6fffffff,35-44,Treatment
U02037,Regular,2025-01-12,HN,8641436b7ffffff,18-24,Treatment
U02038,Regular,2026-03-25,HN,86415ca2fffffff,18-24,Holdout
U02039,Regular,2025-01-04,HN,86415cb6fffffff,45+,Treatment
U02040,Regular,2025-10-30,HN,86415cb57ffffff,45+,Treatment
U02041,Regular,2025-04-07,HN,86415ca6fffffff,25-34,Treatment
U02042,Regular,2025-03-12,HN,86415cb5fffffff,45+,Treatment
U02043,Regular,2025-12-01,HN,86415cb6fffffff,25-34,Treatment
U02044,Regular,2025-01-29,HN,86415cb67ffffff,25-34,Treatment
U02045,Regular,2025-05-13,HN,86415cb47ffffff,25-34,Treatment
U02046,Regular,2026-04-04,HN,86415ca67ffffff,25-34,Treatment
U02047,Regular,2025-06-17,HN,86415cb6fffffff,25-34,Treatment
U02048,Regular,2025-01-22,HN,86415ca6fffffff,25-34,Treatment
U02049,Regular,2026-04-24,HN,864143687ffffff,18-24,Treatment
U02050,Regular,2026-04-25,HN,86415cb5fffffff,35-44,Treatment
U02051,Regular,2025-08-25,HN,86415cb5fffffff,25-34,Treatment
U02052,Regular,2025-12-14,HN,86415cb5fffffff,25-34,Holdout
U02053,Regular,2025-05-09,HN,8641436b7ffffff,18-24,Treatment
U02054,Regular,2026-01-31,HN,86415cb5fffffff,25-34,Treatment
U02055,Regular,2025-08-09,HN,86415ca67ffffff,25-34,Treatment
U02056,Regular,2025-05-28,HN,86415cb5fffffff,18-24,Treatment
U02057,Regular,2025-12-05,HN,86415ca6fffffff,18-24,Treatment
U02058,Regular,2026-03-23,HN,86415cb5fffffff,25-34,Treatment
U02059,Regular,2025-09-14,HN,86415cb67ffffff,25-34,Treatment
U02060,Regular,2026-03-10,HN,86415ca67ffffff,18-24,Treatment
U02061,Regular,2025-09-17,HN,86415cb6fffffff,18-24,Treatment
U02062,Regular,2025-05-27,HN,86415cb47ffffff,18-24,Treatment
U02063,Regular,2025-10-16,HN,86415cb67ffffff,35-44,Treatment
U02064,Regular,2025-04-12,HN,86415cb5fffffff,25-34,Treatment
U02065,Regular,2026-03-08,HN,86415ca67ffffff,25-34,Treatment
U02066,Regular,2025-04-19,HN,86415cb4fffffff,45+,Treatment
U02067,Regular,2026-04-09,HN,86415cb47ffffff,25-34,Treatment
U02068,Regular,2026-03-13,HN,86415cb67ffffff,45+,Treatment
U02069,Regular,2025-05-08,HN,86415ca6fffffff,18-24,Treatment
U02070,Regular,2025-01-16,HN,86415cb5fffffff,25-34,Treatment
U02071,Regular,2025-09-19,HN,8641436b7ffffff,25-34,Treatment
U02072,Regular,2025-02-22,HN,86415cb67ffffff,35-44,Treatment
U02073,Regular,2025-07-19,HN,86415cb4fffffff,35-44,Treatment
U02074,Regular,2025-02-18,HN,864143697ffffff,25-34,Treatment
U02075,Regular,2026-01-19,HN,86415cb6fffffff,18-24,Treatment
U02076,Regular,2026-03-15,HN,86415ca6fffffff,35-44,Holdout
U02077,Regular,2025-09-18,HN,864143687ffffff,18-24,Treatment
U02078,Regular,2025-12-05,HN,86415ca77ffffff,45+,Holdout
U02079,Regular,2025-02-09,HN,86414379fffffff,45+,Treatment
U02080,Regular,2025-12-15,HN,86415cb4fffffff,25-34,Treatment
U02081,Regular,2025-01-12,HN,86415cb4fffffff,18-24,Treatment
U02082,Regular,2025-07-09,HN,864143697ffffff,18-24,Treatment
U02083,Regular,2026-03-17,HN,8641436b7ffffff,35-44,Treatment
U02084,Regular,2025-10-01,HN,86415ca67ffffff,25-34,Treatment
U02085,Regular,2025-10-04,HN,86415cb57ffffff,25-34,Treatment
U02086,Regular,2025-09-08,HN,86415cb67ffffff,18-24,Treatment
U02087,Regular,2025-08-26,HN,86415cb57ffffff,45+,Treatment
U02088,Regular,2025-07-14,HN,86415cb5fffffff,45+,Treatment
U02089,Regular,2025-02-18,HN,86415cb5fffffff,18-24,Treatment
U02090,Regular,2025-06-16,HN,86415cb5fffffff,25-34,Treatment
U02091,Regular,2025-02-08,HN,86414369fffffff,25-34,Treatment
U02092,Regular,2025-03-31,HN,86415cb6fffffff,18-24,Treatment
U02093,Regular,2026-01-21,HN,8641436b7ffffff,45+,Treatment
U02094,Regular,2026-04-25,HN,86415cb5fffffff,18-24,Treatment
U02095,Regular,2025-12-02,HN,86415cb6fffffff,25-34,Treatment
U02096,Regular,2025-09-18,HN,86415cb5fffffff,25-34,Treatment
U02097,Regular,2026-03-20,HN,86415ca67ffffff,35-44,Treatment
U02098,Regular,2025-06-25,HN,8641436b7ffffff,18-24,Treatment
U02099,Regular,2026-04-01,HN,86415ca77ffffff,25-34,Treatment
U02100,Regular,2025-06-13,HN,86415ca2fffffff,25-34,Treatment
U02101,Regular,2025-06-26,HN,86415ca2fffffff,18-24,Treatment
U02102,Regular,2025-02-26,HN,86415cb5fffffff,35-44,Treatment
U02103,Regular,2026-01-13,HN,86415cb5fffffff,18-24,Treatment
U02104,Regular,2025-06-14,HN,8641436b7ffffff,18-24,Treatment
U02105,Regular,2025-12-21,HN,86415cb6fffffff,25-34,Treatment
U02106,Regular,2025-11-11,HN,86415cb5fffffff,35-44,Treatment
U02107,Regular,2025-04-23,HN,864143697ffffff,45+,Treatment
U02108,Regular,2026-05-15,HN,86415ca6fffffff,35-44,Treatment
U02109,Regular,2025-06-26,HN,8641436a7ffffff,18-24,Treatment
U02110,Regular,2025-12-12,HN,86415cb6fffffff,18-24,Treatment
U02111,Regular,2025-04-20,HN,864143697ffffff,25-34,Holdout
U02112,Regular,2025-10-19,HN,86415ca77ffffff,25-34,Holdout
U02113,Regular,2025-11-15,HN,86415cb4fffffff,18-24,Treatment
U02114,Regular,2026-04-01,HN,864143697ffffff,18-24,Treatment
U02115,Regular,2025-10-06,HN,86414379fffffff,25-34,Treatment
U02116,Regular,2026-04-28,HN,864143697ffffff,18-24,Treatment
U02117,Regular,2025-04-29,HN,86415cb5fffffff,35-44,Treatment
U02118,Regular,2025-07-20,HN,864143687ffffff,25-34,Treatment
U02119,Regular,2026-04-20,HN,86415cb5fffffff,18-24,Treatment
U02120,Regular,2026-04-30,HN,86415cb6fffffff,35-44,Treatment
U02121,Regular,2025-12-05,HN,864143697ffffff,18-24,Treatment
U02122,Regular,2025-08-15,HN,86415cb5fffffff,25-34,Treatment
U02123,Regular,2025-06-22,HN,86415cb47ffffff,35-44,Treatment
U02124,Regular,2026-03-18,HN,86415cb5fffffff,35-44,Treatment
U02125,Regular,2026-01-01,HN,86415ca77ffffff,25-34,Treatment
U02126,Regular,2025-10-30,HN,86415ca77ffffff,45+,Treatment
U02127,Regular,2025-01-20,HN,864143697ffffff,35-44,Treatment
U02128,Regular,2025-07-09,HN,864143697ffffff,25-34,Treatment
U02129,Regular,2026-02-11,HN,86415cb4fffffff,18-24,Treatment
U02130,Regular,2026-02-22,HN,86415ca67ffffff,45+,Treatment
U02131,Regular,2025-08-21,HN,86415cb5fffffff,18-24,Treatment
U02132,Regular,2025-04-02,HN,86415cb6fffffff,25-34,Holdout
U02133,Regular,2025-04-14,HN,864143697ffffff,25-34,Holdout
U02134,Regular,2025-05-27,HN,86415cb67ffffff,25-34,Treatment
U02135,Regular,2026-03-21,HN,86415cb6fffffff,18-24,Treatment
U02136,Regular,2026-04-18,HN,86415ca67ffffff,25-34,Treatment
U02137,Regular,2026-04-29,HN,86415ca67ffffff,18-24,Treatment
U02138,Regular,2026-04-18,HN,86415cb5fffffff,35-44,Treatment
U02139,Regular,2025-06-18,HN,864143697ffffff,25-34,Treatment
U02140,Regular,2025-04-15,HN,86415cb5fffffff,35-44,Holdout
U02141,Regular,2025-04-19,HN,86415cb47ffffff,18-24,Treatment
U02142,Regular,2025-02-13,HN,86415cb4fffffff,35-44,Treatment
U02143,Regular,2025-10-25,HN,864143697ffffff,35-44,Holdout
U02144,Regular,2026-03-29,HN,86415cb77ffffff,35-44,Treatment
U02145,Regular,2025-06-17,HN,86415cb5fffffff,25-34,Treatment
U02146,Regular,2026-02-03,HN,86415ca6fffffff,18-24,Treatment
U02147,Regular,2026-02-02,HN,864143697ffffff,25-34,Treatment
U02148,Regular,2025-03-19,HN,86415cb5fffffff,35-44,Holdout
U02149,Regular,2025-02-18,HN,864143697ffffff,18-24,Treatment
U02150,Regular,2025-03-26,HN,86415cb4fffffff,25-34,Treatment
U02151,Regular,2025-01-02,HN,86415cb67ffffff,18-24,Treatment
U02152,Regular,2025-12-14,HN,8641436b7ffffff,25-34,Treatment
U02153,Regular,2026-02-16,HN,86415cb5fffffff,25-34,Treatment
U02154,Regular,2025-12-14,HN,86415ca67ffffff,25-34,Treatment
U02155,Regular,2025-10-24,HN,86415cb5fffffff,18-24,Treatment
U02156,Regular,2025-09-26,HN,86415cb5fffffff,18-24,Treatment
U02157,Regular,2025-09-09,HN,86414379fffffff,18-24,Treatment
U02158,Regular,2025-07-29,HN,86415cb57ffffff,35-44,Treatment
U02159,Regular,2025-01-15,HN,8641436b7ffffff,35-44,Treatment
U02160,Regular,2025-06-26,HN,86414379fffffff,25-34,Treatment
U02161,Regular,2026-03-22,HN,86414379fffffff,25-34,Treatment
U02162,Regular,2026-05-09,HN,86415ca67ffffff,35-44,Treatment
U02163,Regular,2025-02-26,HN,86415ca77ffffff,25-34,Treatment
U02164,Regular,2025-12-03,HN,86415cb6fffffff,25-34,Treatment
U02165,Regular,2026-03-15,HN,86415cb6fffffff,25-34,Treatment
U02166,Regular,2025-08-04,HN,86415cb4fffffff,18-24,Treatment
U02167,Regular,2025-06-06,HN,86415ca77ffffff,18-24,Treatment
U02168,Regular,2025-08-31,HN,86415ca2fffffff,25-34,Treatment
U02169,Regular,2025-02-02,HN,8641436a7ffffff,45+,Treatment
U02170,Regular,2025-01-15,HN,864143697ffffff,25-34,Treatment
U02171,Regular,2025-05-28,HN,86415ca77ffffff,18-24,Holdout
U02172,Regular,2025-01-20,HN,86415cb5fffffff,25-34,Treatment
U02173,Regular,2025-04-06,HN,864143697ffffff,25-34,Treatment
U02174,Regular,2026-03-21,HN,8641436a7ffffff,18-24,Treatment
U02175,Regular,2025-05-24,HN,86415cb4fffffff,25-34,Holdout
U02176,Regular,2025-08-04,HN,86415cb5fffffff,35-44,Holdout
U02177,Regular,2025-06-25,HN,864143687ffffff,45+,Treatment
U02178,Regular,2025-02-12,HN,864143697ffffff,35-44,Treatment
U02179,Regular,2025-11-03,HN,86415cb6fffffff,18-24,Treatment
U02180,Regular,2025-02-27,HN,86415ca2fffffff,25-34,Treatment
U02181,Regular,2025-01-05,HN,86415cb5fffffff,35-44,Treatment
U02182,Regular,2025-05-09,HN,8641436a7ffffff,25-34,Treatment
U02183,Regular,2025-07-11,HN,86415ca67ffffff,35-44,Treatment
U02184,Regular,2026-03-12,HN,86415cb6fffffff,25-34,Treatment
U02185,Regular,2026-04-29,HN,8641436a7ffffff,35-44,Treatment
U02186,Regular,2025-10-21,HN,86415cb5fffffff,25-34,Treatment
U02187,Regular,2026-01-24,HN,86415ca67ffffff,35-44,Treatment
U02188,Regular,2025-04-29,HN,86415ca2fffffff,25-34,Treatment
U02189,Regular,2025-11-03,HN,864143697ffffff,25-34,Treatment
U02190,Regular,2025-08-20,HN,86415ca67ffffff,18-24,Treatment
U02191,Regular,2025-01-18,HN,86414379fffffff,18-24,Treatment
U02192,Regular,2026-03-17,HN,864143697ffffff,18-24,Treatment
U02193,Regular,2025-10-26,HN,86415cb4fffffff,25-34,Treatment
U02194,Regular,2026-02-19,HN,86415cb67ffffff,35-44,Treatment
U02195,Regular,2025-08-08,HN,86414369fffffff,35-44,Treatment
U02196,Regular,2025-04-17,HN,86415cb5fffffff,18-24,Treatment
U02197,Regular,2025-02-16,HN,86415cb5fffffff,18-24,Treatment
U02198,Regular,2025-07-31,HN,86415cb5fffffff,45+,Holdout
U02199,Regular,2026-04-30,HN,86415ca67ffffff,25-34,Treatment
U02200,Regular,2026-01-25,HN,8641436b7ffffff,25-34,Holdout
U02201,Regular,2026-05-14,HN,86415cb5fffffff,25-34,Treatment
U02202,Regular,2026-03-19,HN,86415ca67ffffff,18-24,Treatment
U02203,Regular,2025-11-01,HN,86415cb5fffffff,45+,Treatment
U02204,Regular,2025-10-11,HN,8641436a7ffffff,25-34,Holdout
U02205,Regular,2026-01-27,HN,864143697ffffff,18-24,Treatment
U02206,Regular,2025-04-19,HN,8641436a7ffffff,18-24,Treatment
U02207,Regular,2025-06-07,HN,864143697ffffff,25-34,Treatment
U02208,Regular,2026-05-02,HN,864143697ffffff,35-44,Treatment
U02209,Regular,2026-01-11,HN,86415cb4fffffff,18-24,Treatment
U02210,Regular,2025-04-07,HN,86415cb6fffffff,45+,Treatment
U02211,Regular,2025-04-17,HN,86415cb57ffffff,25-34,Treatment
U02212,Regular,2025-03-24,HN,86415cb4fffffff,35-44,Treatment
U02213,Regular,2025-10-27,HN,86415cb6fffffff,25-34,Treatment
U02214,Regular,2026-01-01,HN,86415cb47ffffff,18-24,Treatment
U02215,Regular,2025-01-20,HN,86415cb4fffffff,35-44,Treatment
U02216,Regular,2026-04-04,HN,86415cb57ffffff,18-24,Treatment
U02217,Regular,2026-01-15,HN,86415cb6fffffff,18-24,Treatment
U02218,Regular,2025-10-17,HN,86415ca47ffffff,25-34,Treatment
U02219,Regular,2026-02-11,HN,86415cb4fffffff,45+,Treatment
U02220,Regular,2025-01-15,HN,86415cb47ffffff,35-44,Treatment
U02221,Regular,2026-01-07,HN,86415ca67ffffff,25-34,Treatment
U02222,Regular,2025-11-04,HN,86415ca2fffffff,25-34,Treatment
U02223,Regular,2025-08-10,HN,8641436b7ffffff,25-34,Treatment
U02224,Regular,2025-11-19,HN,86415ca6fffffff,18-24,Treatment
U02225,Regular,2026-03-08,HN,86415ca77ffffff,25-34,Treatment
U02226,Regular,2025-01-01,HN,86415ca6fffffff,25-34,Treatment
U02227,Regular,2025-04-02,HN,8641436a7ffffff,18-24,Treatment
U02228,Regular,2025-07-02,HN,86415cb47ffffff,35-44,Treatment
U02229,Regular,2026-05-05,HN,86415ca6fffffff,18-24,Treatment
U02230,Regular,2025-05-10,HN,8641436a7ffffff,45+,Treatment
U02231,Regular,2025-07-15,HN,8641436b7ffffff,35-44,Holdout
U02232,Regular,2025-03-02,HN,86415cb67ffffff,25-34,Treatment
U02233,Regular,2025-10-08,HN,86415cb5fffffff,45+,Treatment
U02234,Regular,2025-10-11,HN,86415ca67ffffff,25-34,Treatment
U02235,Regular,2025-10-11,HN,86415cb4fffffff,35-44,Treatment
U02236,Regular,2025-05-21,HN,864143697ffffff,25-34,Holdout
U02237,Regular,2025-02-15,HN,86415cb6fffffff,45+,Holdout
U02238,Regular,2025-09-16,HN,86415cb5fffffff,18-24,Treatment
U02239,Regular,2025-05-03,HN,8641436b7ffffff,35-44,Treatment
U02240,Regular,2026-04-30,HN,86415cb4fffffff,35-44,Treatment
U02241,Regular,2025-10-05,HN,86415cb5fffffff,35-44,Holdout
U02242,Regular,2025-09-29,HN,86415ca2fffffff,25-34,Treatment
U02243,Regular,2025-06-29,HN,8641436b7ffffff,25-34,Treatment
U02244,Regular,2026-02-11,HN,8641436a7ffffff,25-34,Holdout
U02245,Regular,2025-01-30,HN,86415ca67ffffff,35-44,Treatment
U02246,Regular,2025-09-05,HN,86415cb5fffffff,18-24,Treatment
U02247,Regular,2025-02-15,HN,86415ca67ffffff,18-24,Treatment
U02248,Regular,2025-07-29,HN,864143697ffffff,35-44,Treatment
U02249,Regular,2025-11-30,HN,86415cb5fffffff,18-24,Treatment
U02250,Regular,2026-03-09,HN,86415cb67ffffff,25-34,Treatment
U02251,Regular,2025-05-07,HN,86415cb57ffffff,35-44,Treatment
U02252,Regular,2025-03-08,HN,86415ca6fffffff,35-44,Treatment
U02253,Regular,2025-12-21,HN,86415cb4fffffff,25-34,Treatment
U02254,Regular,2025-10-09,HN,864143697ffffff,25-34,Treatment
U02255,Regular,2025-02-16,HN,86415cb5fffffff,35-44,Treatment
U02256,Regular,2026-01-19,HN,86415ca67ffffff,25-34,Treatment
U02257,Regular,2025-07-04,HN,86415ca77ffffff,25-34,Treatment
U02258,Regular,2025-04-14,HN,86415cb5fffffff,18-24,Treatment
U02259,Regular,2026-01-21,HN,864143697ffffff,25-34,Holdout
U02260,Regular,2025-08-21,HN,8641436a7ffffff,25-34,Treatment
U02261,Regular,2025-05-12,HN,86414369fffffff,45+,Treatment
U02262,Regular,2025-11-20,HN,86415cb4fffffff,25-34,Treatment
U02263,Regular,2025-08-27,HN,86415cb67ffffff,18-24,Treatment
U02264,Regular,2025-05-05,HN,86414379fffffff,25-34,Treatment
U02265,Regular,2025-07-18,HN,864143697ffffff,18-24,Treatment
U02266,Regular,2025-08-15,HN,86415cb47ffffff,25-34,Treatment
U02267,Regular,2025-11-12,HN,8641436a7ffffff,25-34,Treatment
U02268,Regular,2025-12-22,HN,864143697ffffff,35-44,Treatment
U02269,Regular,2026-01-12,HN,86415cb5fffffff,18-24,Treatment
U02270,Regular,2025-08-26,HN,86415cb5fffffff,45+,Treatment
U02271,Regular,2025-09-11,HN,86415ca67ffffff,18-24,Treatment
U02272,Regular,2025-02-21,HN,86415ca2fffffff,25-34,Treatment
U02273,Regular,2025-11-26,HN,86415cb67ffffff,18-24,Treatment
U02274,Regular,2026-03-30,HN,86415cb6fffffff,25-34,Treatment
U02275,Regular,2025-04-08,HN,8641436b7ffffff,35-44,Treatment
U02276,Regular,2025-07-17,HN,86415cb4fffffff,25-34,Treatment
U02277,Regular,2025-12-12,HN,86415cb5fffffff,35-44,Treatment
U02278,Regular,2025-06-02,HN,86415ca67ffffff,18-24,Treatment
U02279,Regular,2025-10-01,HN,864143697ffffff,18-24,Treatment
U02280,Regular,2025-12-16,HN,86414369fffffff,25-34,Treatment
U02281,Regular,2025-08-21,HN,86415cb67ffffff,18-24,Treatment
U02282,Regular,2026-04-08,HN,86415cb6fffffff,25-34,Treatment
U02283,Regular,2025-06-17,HN,864143697ffffff,25-34,Treatment
U02284,Regular,2026-04-06,HN,86415ca67ffffff,25-34,Treatment
U02285,Regular,2026-02-14,HN,86415cb67ffffff,25-34,Treatment
U02286,Regular,2025-01-13,HN,86415cb5fffffff,45+,Holdout
U02287,Regular,2025-08-06,HN,86415ca67ffffff,25-34,Treatment
U02288,Regular,2025-04-16,HN,86415cb4fffffff,35-44,Treatment
U02289,Regular,2025-05-02,HN,864143697ffffff,45+,Treatment
U02290,Regular,2026-02-03,HN,86415cb6fffffff,18-24,Treatment
U02291,Regular,2026-03-21,HN,86415ca6fffffff,35-44,Treatment
U02292,Regular,2026-03-05,HN,86415ca67ffffff,45+,Holdout
U02293,Regular,2026-05-10,HN,86415cb5fffffff,25-34,Treatment
U02294,Regular,2025-05-31,HN,86415ca67ffffff,18-24,Treatment
U02295,Regular,2025-03-24,HN,8641436b7ffffff,18-24,Treatment
U02296,Regular,2026-01-14,HN,86415cb67ffffff,35-44,Treatment
U02297,Regular,2025-08-11,HN,864143697ffffff,25-34,Treatment
U02298,Regular,2025-10-15,HN,86415cb5fffffff,45+,Treatment
U02299,Regular,2025-09-26,HN,86415cb5fffffff,18-24,Holdout
U02300,Regular,2025-01-07,HN,86415ca6fffffff,35-44,Treatment
U02301,Regular,2025-12-29,HN,86414369fffffff,25-34,Treatment
U02302,Regular,2026-04-18,HN,864143697ffffff,35-44,Treatment
U02303,Regular,2026-05-09,HN,8641436a7ffffff,45+,Treatment
U02304,Regular,2025-04-29,HN,86415ca67ffffff,25-34,Treatment
U02305,Regular,2026-01-02,HN,864143687ffffff,25-34,Treatment
U02306,Regular,2025-01-09,HN,8641436b7ffffff,25-34,Treatment
U02307,Regular,2025-03-06,HN,86415cb6fffffff,25-34,Holdout
U02308,Regular,2026-01-05,HN,86415cb4fffffff,18-24,Holdout
U02309,Regular,2026-05-09,HN,86415cb47ffffff,35-44,Treatment
U02310,Regular,2025-09-03,HN,86415cb4fffffff,45+,Treatment
U02311,Regular,2025-12-19,HN,86415cb67ffffff,18-24,Treatment
U02312,Regular,2025-05-16,HN,86415cb4fffffff,18-24,Holdout
U02313,Regular,2026-02-16,HN,86415cb67ffffff,25-34,Treatment
U02314,Regular,2025-06-12,HN,86415cb6fffffff,25-34,Holdout
U02315,Regular,2026-01-16,HN,86415cb47ffffff,18-24,Treatment
U02316,Regular,2025-09-15,HN,86415cb47ffffff,25-34,Treatment
U02317,Regular,2025-01-08,HN,86415cb67ffffff,18-24,Treatment
U02318,Regular,2025-05-21,HN,864143697ffffff,35-44,Treatment
U02319,Regular,2025-11-19,HN,86415cb5fffffff,18-24,Holdout
U02320,Regular,2026-04-30,HN,86415ca67ffffff,18-24,Treatment
U02321,Regular,2025-05-29,HN,86415cb6fffffff,18-24,Treatment
U02322,Regular,2025-06-03,HN,86415ca67ffffff,18-24,Treatment
U02323,Regular,2026-02-12,HN,864143697ffffff,25-34,Treatment
U02324,Regular,2025-07-01,HN,864143697ffffff,18-24,Treatment
U02325,Regular,2026-05-07,HN,864143687ffffff,25-34,Treatment
U02326,Regular,2025-10-10,HN,864143697ffffff,18-24,Treatment
U02327,Regular,2025-02-08,HN,86415cb5fffffff,35-44,Treatment
U02328,Regular,2025-12-05,HN,86415cb5fffffff,25-34,Treatment
U02329,Regular,2025-11-07,HN,8641436b7ffffff,35-44,Treatment
U02330,Regular,2025-08-07,HN,86415cb4fffffff,25-34,Treatment
U02331,Regular,2026-04-09,HN,86415cb4fffffff,18-24,Treatment
U02332,Regular,2025-07-09,HN,86415ca67ffffff,25-34,Treatment
U02333,Regular,2025-04-15,HN,864143697ffffff,18-24,Treatment
U02334,Regular,2025-01-20,HN,86415ca2fffffff,18-24,Treatment
U02335,Regular,2025-09-24,HN,86415ca67ffffff,18-24,Treatment
U02336,Regular,2026-03-21,HN,86414379fffffff,18-24,Holdout
U02337,Regular,2025-10-27,HN,86415cb6fffffff,25-34,Treatment
U02338,Regular,2025-01-21,HN,86415ca67ffffff,18-24,Holdout
U02339,Regular,2025-09-01,HN,864143697ffffff,35-44,Treatment
U02340,Regular,2025-12-19,HN,86415ca6fffffff,18-24,Treatment
U02341,Regular,2025-08-20,HN,864143697ffffff,35-44,Treatment
U02342,Regular,2026-03-27,HN,86414379fffffff,25-34,Treatment
U02343,Regular,2025-02-04,HN,86415ca67ffffff,35-44,Treatment
U02344,Regular,2025-11-28,HN,86415cb47ffffff,25-34,Treatment
U02345,Regular,2025-11-03,HN,86415cb5fffffff,35-44,Treatment
U02346,Regular,2026-02-24,HN,86415cb57ffffff,45+,Treatment
U02347,Regular,2025-05-24,HN,86414379fffffff,18-24,Treatment
U02348,Regular,2025-01-28,HN,86415cb47ffffff,25-34,Treatment
U02349,Regular,2025-11-18,HN,86415cb47ffffff,25-34,Treatment
U02350,Regular,2025-12-27,HN,86415cb5fffffff,25-34,Treatment
U02351,Regular,2025-04-30,HN,86415cb5fffffff,35-44,Holdout
U02352,Regular,2025-04-25,HN,86415cb47ffffff,25-34,Treatment
U02353,Regular,2025-12-12,HN,86415cb6fffffff,35-44,Treatment
U02354,Regular,2025-08-29,HN,8641436a7ffffff,35-44,Treatment
U02355,Regular,2026-05-02,HN,86415ca67ffffff,35-44,Treatment
U02356,Regular,2026-02-15,HN,86415cb47ffffff,35-44,Treatment
U02357,Regular,2025-01-20,HN,86415cb47ffffff,25-34,Treatment
U02358,Regular,2025-09-27,HN,86415cb6fffffff,25-34,Treatment
U02359,Regular,2025-07-24,HN,86415cb5fffffff,25-34,Treatment
U02360,Regular,2025-04-26,HN,864143697ffffff,35-44,Holdout
U02361,Regular,2026-04-22,HN,8641436a7ffffff,35-44,Treatment
U02362,Regular,2025-08-14,HN,86415ca67ffffff,25-34,Holdout
U02363,Regular,2025-10-25,HN,86415ca2fffffff,25-34,Holdout
U02364,Regular,2025-11-15,HN,864143697ffffff,18-24,Treatment
U02365,Regular,2025-07-17,HN,86415cb5fffffff,35-44,Treatment
U02366,Regular,2025-01-30,HN,86415cb67ffffff,25-34,Treatment
U02367,Regular,2025-10-28,HN,864143697ffffff,25-34,Treatment
U02368,Regular,2026-05-02,HN,8641436a7ffffff,18-24,Treatment
U02369,Regular,2025-08-09,HN,86415ca77ffffff,25-34,Treatment
U02370,Regular,2025-05-22,HN,86415cb5fffffff,25-34,Treatment
U02371,Regular,2025-12-15,HN,86414369fffffff,35-44,Holdout
U02372,Regular,2025-04-19,HN,86415cb6fffffff,18-24,Treatment
U02373,Regular,2025-12-11,HN,86415cb47ffffff,25-34,Treatment
U02374,Regular,2026-05-12,HN,8641436a7ffffff,18-24,Treatment
U02375,Regular,2025-06-24,HN,864143687ffffff,25-34,Treatment
U02376,Regular,2025-11-06,HN,86415ca67ffffff,25-34,Treatment
U02377,Regular,2025-04-16,HN,86415cb6fffffff,25-34,Treatment
U02378,Regular,2025-01-07,HN,86415ca6fffffff,25-34,Treatment
U02379,Regular,2025-01-06,HN,86415ca67ffffff,25-34,Treatment
U02380,Regular,2026-02-27,HN,86415ca67ffffff,18-24,Treatment
U02381,Regular,2026-04-11,HN,86415ca67ffffff,18-24,Treatment
U02382,Regular,2025-08-14,HN,86415cb6fffffff,25-34,Treatment
U02383,Regular,2026-01-26,HN,86415cb4fffffff,18-24,Treatment
U02384,Regular,2025-02-07,HN,86415ca67ffffff,25-34,Treatment
U02385,Regular,2025-11-26,HN,86415cb5fffffff,45+,Treatment
U02386,Regular,2025-09-06,HN,86415cb57ffffff,35-44,Treatment
U02387,Regular,2025-04-03,HN,86415ca2fffffff,25-34,Treatment
U02388,Regular,2025-11-24,HN,86415cb67ffffff,18-24,Treatment
U02389,Regular,2026-02-19,HN,86415cb4fffffff,25-34,Treatment
U02390,Regular,2025-04-20,HN,86415cb5fffffff,25-34,Holdout
U02391,Regular,2025-07-18,HN,864143697ffffff,25-34,Treatment
U02392,Regular,2026-03-01,HN,8641436a7ffffff,18-24,Treatment
U02393,Regular,2025-08-10,HN,86415cb6fffffff,18-24,Holdout
U02394,Regular,2025-10-25,HN,86415cb47ffffff,35-44,Treatment
U02395,Regular,2025-11-28,HN,86415ca6fffffff,25-34,Treatment
U02396,Regular,2025-08-26,HN,86415ca67ffffff,35-44,Treatment
U02397,Regular,2025-08-30,HN,86415cb77ffffff,25-34,Treatment
U02398,Regular,2025-02-16,HN,86415ca67ffffff,18-24,Treatment
U02399,Regular,2025-07-31,HN,86415ca2fffffff,25-34,Treatment
U02400,Regular,2026-03-07,HN,86415ca2fffffff,35-44,Treatment
U02401,Regular,2026-02-19,HN,86415cb6fffffff,25-34,Treatment
U02402,Regular,2026-04-23,HN,86415cb6fffffff,25-34,Treatment
U02403,Regular,2025-10-17,HN,86415ca2fffffff,18-24,Treatment
U02404,Regular,2026-03-27,HN,864143697ffffff,18-24,Treatment
U02405,Regular,2025-10-26,HN,86415ca67ffffff,35-44,Treatment
U02406,Regular,2025-03-06,HN,86415cb6fffffff,25-34,Treatment
U02407,Regular,2025-12-10,HN,86415cb5fffffff,18-24,Treatment
U02408,Regular,2025-05-02,HN,86415cb6fffffff,18-24,Holdout
U02409,Regular,2025-10-08,HN,86415cb5fffffff,18-24,Treatment
U02410,Regular,2025-02-23,HN,86414369fffffff,18-24,Treatment
U02411,Regular,2025-12-18,HN,86415ca77ffffff,35-44,Treatment
U02412,Regular,2025-02-08,HN,86415ca6fffffff,25-34,Treatment
U02413,Regular,2025-10-28,HN,86415cb4fffffff,18-24,Treatment
U02414,Regular,2025-06-02,HN,86415cb6fffffff,25-34,Treatment
U02415,Regular,2025-12-07,HN,86415cb67ffffff,45+,Treatment
U02416,Regular,2025-09-06,HN,86415ca6fffffff,25-34,Treatment
U02417,Regular,2026-01-15,HN,86415cb5fffffff,18-24,Treatment
U02418,Regular,2025-01-13,HN,864143697ffffff,25-34,Treatment
U02419,Regular,2025-08-30,HN,8641436b7ffffff,18-24,Treatment
U02420,Regular,2026-04-25,HN,86415cb6fffffff,18-24,Treatment
U02421,Regular,2026-04-19,HN,86415ca77ffffff,25-34,Treatment
U02422,Regular,2026-04-24,HN,86415ca67ffffff,25-34,Treatment
U02423,Regular,2025-06-08,HN,86415cb6fffffff,35-44,Holdout
U02424,Regular,2026-02-08,HN,86415ca6fffffff,25-34,Treatment
U02425,Regular,2026-02-03,HN,8641436b7ffffff,35-44,Treatment
U02426,Regular,2026-02-23,HN,864143697ffffff,35-44,Treatment
U02427,Regular,2025-07-05,HN,86415cb47ffffff,25-34,Treatment
U02428,Regular,2025-03-27,HN,86415cb67ffffff,45+,Treatment
U02429,Regular,2025-01-11,HN,864143697ffffff,18-24,Treatment
U02430,Regular,2026-01-29,HN,86414369fffffff,25-34,Treatment
U02431,Regular,2025-06-16,HN,86415cb4fffffff,45+,Treatment
U02432,Regular,2025-04-18,HN,86415ca6fffffff,25-34,Treatment
U02433,Regular,2025-04-13,HN,86415cb67ffffff,35-44,Treatment
U02434,Regular,2026-02-02,HN,86415ca2fffffff,35-44,Treatment
U02435,Regular,2025-03-05,HN,86415cb67ffffff,25-34,Holdout
U02436,Regular,2025-07-10,HN,86415ca6fffffff,35-44,Treatment
U02437,Regular,2025-03-22,HN,86415ca67ffffff,35-44,Treatment
U02438,Regular,2025-05-21,HN,864143697ffffff,18-24,Treatment
U02439,Regular,2026-03-13,HN,86415ca67ffffff,18-24,Treatment
U02440,Regular,2026-01-26,HN,8641436b7ffffff,35-44,Treatment
U02441,Regular,2025-12-10,HN,86415cb6fffffff,25-34,Treatment
U02442,Regular,2026-04-21,HN,86415cb4fffffff,25-34,Treatment
U02443,Regular,2026-02-28,HN,86415cb6fffffff,25-34,Treatment
U02444,Regular,2025-03-20,HN,86415ca6fffffff,18-24,Holdout
U02445,Regular,2025-08-13,HN,86415ca6fffffff,18-24,Treatment
U02446,Regular,2025-08-05,HN,86415cb67ffffff,35-44,Treatment
U02447,Regular,2025-09-03,HN,8641436a7ffffff,25-34,Treatment
U02448,Regular,2025-01-28,HN,86415cb6fffffff,18-24,Treatment
U02449,Regular,2025-11-08,HN,864143697ffffff,25-34,Treatment
U02450,Regular,2025-11-21,HN,8641436b7ffffff,18-24,Treatment
U02451,Regular,2025-05-22,HN,86415cb4fffffff,25-34,Treatment
U02452,Regular,2025-06-03,HN,864143687ffffff,25-34,Holdout
U02453,Regular,2025-05-04,HN,86415ca67ffffff,45+,Treatment
U02454,Regular,2025-04-28,HN,864143697ffffff,35-44,Treatment
U02455,Regular,2026-05-01,HN,8641436a7ffffff,25-34,Treatment
U02456,Regular,2025-12-08,HN,86415cb5fffffff,25-34,Treatment
U02457,Regular,2025-11-12,HN,86415ca2fffffff,18-24,Treatment
U02458,Regular,2025-02-03,HN,8641436a7ffffff,25-34,Treatment
U02459,Regular,2025-08-09,HN,86415cb47ffffff,18-24,Treatment
U02460,Regular,2025-06-15,HN,864143697ffffff,18-24,Treatment
U02461,Regular,2025-05-20,HN,8641436b7ffffff,18-24,Treatment
U02462,Regular,2025-08-08,HN,86414369fffffff,18-24,Treatment
U02463,Regular,2025-09-18,HN,86415cb6fffffff,18-24,Holdout
U02464,Regular,2026-02-10,HN,86415cb4fffffff,25-34,Treatment
U02465,Regular,2025-05-16,HN,86415cb4fffffff,18-24,Treatment
U02466,Regular,2025-11-02,HN,86415cb57ffffff,25-34,Treatment
U02467,Regular,2026-04-22,HN,86415cb4fffffff,18-24,Treatment
U02468,Regular,2026-03-27,HN,86415cb6fffffff,18-24,Treatment
U02469,Regular,2025-07-09,HN,86415cb67ffffff,35-44,Treatment
U02470,Regular,2025-03-20,HN,86414369fffffff,25-34,Treatment
U02471,Regular,2025-12-04,HN,86415cb5fffffff,35-44,Treatment
U02472,Regular,2025-12-13,HN,86415cb5fffffff,25-34,Treatment
U02473,Regular,2025-06-22,HN,864143697ffffff,35-44,Treatment
U02474,Regular,2025-03-04,HN,86415ca67ffffff,25-34,Treatment
U02475,Regular,2025-09-24,HN,86415cb67ffffff,35-44,Treatment
U02476,Regular,2026-03-07,HN,86415cb4fffffff,18-24,Treatment
U02477,Regular,2026-01-14,HN,864143697ffffff,25-34,Treatment
U02478,Regular,2025-02-12,HN,86415cb5fffffff,35-44,Treatment
U02479,Regular,2025-06-15,HN,86415ca6fffffff,18-24,Treatment
U02480,Regular,2025-05-05,HN,86415cb4fffffff,18-24,Treatment
U02481,Regular,2025-10-06,HN,86415cb6fffffff,18-24,Holdout
U02482,Regular,2026-04-26,HN,86415ca2fffffff,25-34,Treatment
U02483,Regular,2025-03-15,HN,86415cb5fffffff,18-24,Treatment
U02484,Regular,2025-10-02,HN,86415ca2fffffff,35-44,Treatment
U02485,Regular,2026-01-20,HN,8641436a7ffffff,35-44,Holdout
U02486,Regular,2025-03-11,HN,86414369fffffff,18-24,Treatment
U02487,Regular,2025-04-08,HN,86415cb77ffffff,45+,Treatment
U02488,Regular,2026-01-14,HN,86415cb6fffffff,35-44,Treatment
U02489,Regular,2026-01-25,HN,86415cb6fffffff,35-44,Treatment
U02490,Regular,2025-05-22,HN,86415cb5fffffff,25-34,Treatment
U02491,Regular,2025-08-28,HN,8641436a7ffffff,35-44,Treatment
U02492,Regular,2025-01-21,HN,864143687ffffff,25-34,Treatment
U02493,Regular,2025-11-27,HN,86415ca6fffffff,25-34,Holdout
U02494,Regular,2025-07-29,HN,86415cb5fffffff,18-24,Treatment
U02495,Regular,2025-06-06,HN,86415cb5fffffff,25-34,Treatment
U02496,Regular,2025-01-04,HN,864143697ffffff,25-34,Treatment
U02497,Regular,2025-02-17,HN,864143697ffffff,25-34,Treatment
U02498,Regular,2025-12-14,HN,86415ca6fffffff,45+,Treatment
U02499,Regular,2025-11-13,HN,86415ca67ffffff,35-44,Treatment
U02500,Regular,2025-11-11,HN,86415cb5fffffff,18-24,Treatment
U02501,Regular,2026-01-17,HN,86415ca2fffffff,18-24,Treatment
U02502,Regular,2025-03-03,HN,86415cb5fffffff,25-34,Treatment
U02503,Regular,2025-05-19,HN,86415cb67ffffff,45+,Treatment
U02504,Regular,2025-02-26,HN,8641436b7ffffff,25-34,Holdout
U02505,Regular,2025-03-22,HN,86415cb4fffffff,18-24,Treatment
U02506,Regular,2025-02-07,HN,86415ca67ffffff,25-34,Treatment
U02507,Regular,2025-07-06,HN,86415cb5fffffff,25-34,Treatment
U02508,Regular,2025-09-12,HN,86415cb5fffffff,35-44,Treatment
U02509,Regular,2025-09-22,HN,86415ca67ffffff,25-34,Treatment
U02510,Regular,2025-12-30,HN,86415ca67ffffff,18-24,Treatment
U02511,Regular,2025-09-13,HN,864143697ffffff,25-34,Treatment
U02512,Regular,2025-02-22,HN,86415cb5fffffff,25-34,Treatment
U02513,Regular,2025-03-22,HN,86415ca67ffffff,35-44,Holdout
U02514,Regular,2025-03-23,HN,86415cb4fffffff,25-34,Holdout
U02515,Regular,2026-02-04,HN,86415cb67ffffff,18-24,Treatment
U02516,Regular,2025-03-04,HN,864143697ffffff,25-34,Treatment
U02517,Regular,2026-03-06,HN,86415ca67ffffff,18-24,Treatment
U02518,Regular,2026-05-06,HN,864143697ffffff,45+,Treatment
U02519,Regular,2025-12-31,HN,86415cb5fffffff,25-34,Treatment
U02520,Regular,2025-03-22,HN,86415cb4fffffff,45+,Treatment
U02521,Regular,2026-02-18,HN,864143687ffffff,35-44,Treatment
U02522,Regular,2026-03-25,HN,86415cb4fffffff,25-34,Treatment
U02523,Regular,2026-04-30,HN,86415cb47ffffff,18-24,Treatment
U02524,Regular,2026-04-07,HN,86415cb5fffffff,18-24,Treatment
U02525,Regular,2026-03-28,HN,86415cb57ffffff,25-34,Treatment
U02526,Regular,2025-06-19,HN,86415ca67ffffff,35-44,Treatment
U02527,Regular,2025-07-06,HN,864143697ffffff,25-34,Treatment
U02528,Regular,2025-09-13,HN,8641436b7ffffff,25-34,Treatment
U02529,Regular,2025-01-18,HN,86415ca67ffffff,18-24,Treatment
U02530,Regular,2025-03-18,HN,8641436b7ffffff,18-24,Treatment
U02531,Regular,2025-04-06,HN,864143697ffffff,25-34,Treatment
U02532,Regular,2025-01-12,HN,86415ca47ffffff,25-34,Treatment
U02533,Regular,2026-01-12,HN,86415ca67ffffff,25-34,Treatment
U02534,Regular,2026-01-27,HN,86415cb5fffffff,18-24,Holdout
U02535,Regular,2026-01-08,HN,86415ca6fffffff,35-44,Treatment
U02536,Regular,2025-11-04,HN,86415ca6fffffff,35-44,Treatment
U02537,Regular,2025-10-29,HN,86415ca67ffffff,35-44,Treatment
U02538,Regular,2025-05-16,HN,86415ca77ffffff,25-34,Holdout
U02539,Regular,2025-12-03,HN,864143697ffffff,25-34,Treatment
U02540,Regular,2026-01-02,HN,86415cb6fffffff,25-34,Holdout
U02541,Regular,2025-02-21,HN,8641436a7ffffff,18-24,Treatment
U02542,Regular,2025-04-04,HN,86415cb5fffffff,35-44,Treatment
U02543,Regular,2025-05-30,HN,86415cb5fffffff,25-34,Treatment
U02544,Regular,2026-02-16,HN,8641436b7ffffff,35-44,Treatment
U02545,Regular,2025-08-24,HN,86415cb6fffffff,18-24,Treatment
U02546,Regular,2025-08-30,HN,86415cb6fffffff,25-34,Treatment
U02547,Regular,2025-11-17,HN,86415cb4fffffff,25-34,Treatment
U02548,Regular,2026-04-17,HN,86415ca2fffffff,35-44,Treatment
U02549,Regular,2025-02-04,HN,864143697ffffff,18-24,Treatment
U02550,Regular,2025-10-06,HN,86415ca2fffffff,35-44,Treatment
U02551,Regular,2025-08-23,HN,86415cb4fffffff,25-34,Holdout
U02552,Regular,2026-02-07,HN,86415cb67ffffff,25-34,Treatment
U02553,Regular,2025-02-13,HN,86415cb5fffffff,25-34,Treatment
U02554,Regular,2026-02-26,HN,86415cb4fffffff,35-44,Treatment
U02555,Regular,2025-11-26,HN,86415cb4fffffff,25-34,Treatment
U02556,Regular,2025-02-26,HN,8641436b7ffffff,18-24,Holdout
U02557,Regular,2025-07-07,HN,86415cb5fffffff,35-44,Treatment
U02558,Regular,2025-08-04,HN,86415ca67ffffff,25-34,Treatment
U02559,Regular,2025-11-08,HN,86415ca6fffffff,35-44,Holdout
U02560,Regular,2025-12-29,HN,864143697ffffff,35-44,Treatment
U02561,Regular,2025-08-08,HN,86415cb4fffffff,18-24,Treatment
U02562,Regular,2025-10-22,HN,86415ca67ffffff,25-34,Treatment
U02563,Regular,2025-04-25,HN,864143697ffffff,25-34,Treatment
U02564,Regular,2026-01-07,HN,86415cb5fffffff,35-44,Treatment
U02565,Regular,2025-07-06,HN,86415ca2fffffff,25-34,Treatment
U02566,Regular,2025-05-09,HN,86415cb4fffffff,35-44,Treatment
U02567,Regular,2025-05-28,HN,86415cb5fffffff,45+,Treatment
U02568,Regular,2025-03-11,HN,86415cb47ffffff,35-44,Treatment
U02569,Regular,2025-12-26,HN,86415cb6fffffff,25-34,Treatment
U02570,Regular,2025-05-18,HN,86415cb5fffffff,25-34,Treatment
U02571,Regular,2025-12-09,HN,86415cb4fffffff,35-44,Treatment
U02572,Regular,2025-06-15,HN,8641436b7ffffff,25-34,Holdout
U02573,Regular,2025-10-15,HN,86415cb47ffffff,35-44,Treatment
U02574,Regular,2026-04-10,HN,86415cb67ffffff,18-24,Treatment
U02575,Regular,2026-02-23,HN,86415cb4fffffff,35-44,Treatment
U02576,Regular,2026-02-21,HN,86415cb5fffffff,35-44,Holdout
U02577,Regular,2025-04-20,HN,86415ca67ffffff,25-34,Treatment
U02578,Regular,2025-04-07,HN,86415cb6fffffff,25-34,Treatment
U02579,Regular,2026-05-11,HN,864143697ffffff,18-24,Treatment
U02580,Regular,2025-10-03,HN,86415cb5fffffff,25-34,Treatment
U02581,Regular,2026-05-11,HN,86415ca2fffffff,35-44,Treatment
U02582,Regular,2026-03-11,HN,86415cb4fffffff,25-34,Treatment
U02583,Regular,2025-07-12,HN,86415ca2fffffff,35-44,Treatment
U02584,Regular,2025-12-04,HN,864143697ffffff,25-34,Treatment
U02585,Regular,2025-02-05,HN,86415cb5fffffff,35-44,Treatment
U02586,Regular,2025-03-01,HN,86415ca6fffffff,18-24,Treatment
U02587,Regular,2025-12-08,HN,86415cb4fffffff,18-24,Holdout
U02588,Regular,2026-05-10,HN,86415ca67ffffff,25-34,Treatment
U02589,Regular,2025-01-22,HN,86415cb4fffffff,45+,Treatment
U02590,Regular,2025-06-04,HN,86414379fffffff,18-24,Treatment
U02591,Regular,2025-03-23,HN,86414379fffffff,18-24,Treatment
U02592,Regular,2026-04-18,HN,86415cb6fffffff,35-44,Treatment
U02593,Regular,2025-01-10,HN,86415cb67ffffff,35-44,Treatment
U02594,Regular,2025-01-31,HN,86415ca67ffffff,45+,Treatment
U02595,Regular,2025-08-24,HN,86415cb5fffffff,18-24,Treatment
U02596,Regular,2026-05-13,HN,864143697ffffff,25-34,Treatment
U02597,Regular,2025-08-26,HN,86415ca67ffffff,25-34,Treatment
U02598,Regular,2026-04-24,HN,86415ca2fffffff,25-34,Treatment
U02599,Regular,2025-08-28,HN,86415cb5fffffff,18-24,Treatment
U02600,Regular,2025-05-07,HN,86415cb4fffffff,18-24,Treatment
U02601,Regular,2026-03-16,HN,864143697ffffff,35-44,Treatment
U02602,Regular,2025-08-10,HN,864143697ffffff,18-24,Treatment
U02603,Regular,2025-10-08,HN,86415cb6fffffff,18-24,Treatment
U02604,Regular,2025-11-19,HN,8641436b7ffffff,35-44,Treatment
U02605,Regular,2025-05-30,HN,86415cb57ffffff,18-24,Treatment
U02606,Regular,2025-01-27,HN,86415cb4fffffff,18-24,Treatment
U02607,Regular,2025-06-28,HN,86415cb4fffffff,18-24,Treatment
U02608,Regular,2026-01-06,HN,86415cb47ffffff,25-34,Treatment
U02609,Regular,2025-02-24,HN,86415cb5fffffff,35-44,Holdout
U02610,Regular,2025-01-17,HN,86415cb5fffffff,18-24,Treatment
U02611,Regular,2025-12-10,HN,86415cb4fffffff,35-44,Holdout
U02612,Regular,2025-02-12,HN,86415cb67ffffff,35-44,Treatment
U02613,Regular,2026-03-08,HN,86415ca67ffffff,25-34,Treatment
U02614,Regular,2025-03-15,HN,8641436a7ffffff,35-44,Treatment
U02615,Regular,2025-04-10,HN,86415cb4fffffff,45+,Treatment
U02616,Regular,2025-03-20,HN,86415ca67ffffff,25-34,Treatment
U02617,Regular,2025-03-15,HN,86415cb6fffffff,25-34,Treatment
U02618,Regular,2025-06-05,HN,86415cb47ffffff,35-44,Treatment
U02619,Regular,2025-07-08,HN,864143697ffffff,45+,Treatment
U02620,Regular,2026-01-26,HN,86414379fffffff,18-24,Treatment
U02621,Regular,2026-04-21,HN,86415cb47ffffff,18-24,Treatment
U02622,Regular,2025-04-27,HN,86415cb4fffffff,18-24,Treatment
U02623,Regular,2025-01-27,HN,86415cb5fffffff,25-34,Treatment
U02624,Regular,2026-01-16,HN,86414379fffffff,25-34,Treatment
U02625,Regular,2025-12-07,HN,86415ca67ffffff,25-34,Treatment
U02626,Regular,2026-04-08,HN,86415ca47ffffff,18-24,Treatment
U02627,Regular,2026-03-12,HN,86415cb5fffffff,35-44,Treatment
U02628,Regular,2025-05-21,HN,86415cb47ffffff,25-34,Treatment
U02629,Regular,2025-09-15,HN,86415ca67ffffff,35-44,Treatment
U02630,Regular,2025-03-27,HN,86415cb6fffffff,25-34,Treatment
U02631,Regular,2025-06-28,HN,86415cb4fffffff,25-34,Treatment
U02632,Regular,2025-07-29,HN,86415ca2fffffff,25-34,Treatment
U02633,Regular,2025-03-08,HN,86415cb4fffffff,35-44,Treatment
U02634,Regular,2025-10-03,HN,86415cb5fffffff,35-44,Treatment
U02635,Regular,2025-01-02,HN,8641436b7ffffff,25-34,Treatment
U02636,Regular,2025-10-02,HN,86415cb5fffffff,25-34,Treatment
U02637,Regular,2026-01-25,HN,86415ca6fffffff,18-24,Treatment
U02638,Regular,2025-10-13,HN,86415ca2fffffff,45+,Treatment
U02639,Regular,2025-10-18,HN,86415cb5fffffff,25-34,Treatment
U02640,Regular,2025-01-05,HN,86415cb5fffffff,25-34,Treatment
U02641,Regular,2025-12-07,HN,86415cb5fffffff,25-34,Treatment
U02642,Regular,2025-02-25,HN,86415cb4fffffff,35-44,Treatment
U02643,Regular,2025-07-20,HN,8641436b7ffffff,18-24,Treatment
U02644,Regular,2026-01-21,HN,86415cb4fffffff,35-44,Treatment
U02645,Regular,2025-02-09,HN,86415cb5fffffff,18-24,Treatment
U02646,Regular,2025-07-09,HN,86415cb4fffffff,18-24,Treatment
U02647,Regular,2025-06-03,HN,86415cb4fffffff,45+,Treatment
U02648,Regular,2025-12-29,HN,86415ca67ffffff,45+,Treatment
U02649,Regular,2025-07-26,HN,86415cb4fffffff,25-34,Treatment
U02650,Regular,2025-05-07,HN,86415cb5fffffff,18-24,Treatment
U02651,Regular,2025-08-12,HN,86415cb5fffffff,45+,Holdout
U02652,Regular,2026-01-10,HN,864143697ffffff,25-34,Holdout
U02653,Regular,2026-02-17,HN,86414379fffffff,18-24,Treatment
U02654,Regular,2025-10-17,HN,86415cb4fffffff,18-24,Treatment
U02655,Regular,2025-01-24,HN,86415cb57ffffff,18-24,Treatment
U02656,Regular,2025-12-05,HN,8641436b7ffffff,45+,Treatment
U02657,Regular,2025-11-29,HN,86415cb47ffffff,18-24,Treatment
U02658,Regular,2026-01-22,HN,86415cb5fffffff,25-34,Treatment
U02659,Regular,2025-08-21,HN,864143687ffffff,25-34,Treatment
U02660,Regular,2025-12-27,HN,864143697ffffff,35-44,Treatment
U02661,Regular,2025-02-14,HN,86415ca6fffffff,35-44,Treatment
U02662,Regular,2025-06-19,HN,86415cb5fffffff,18-24,Treatment
U02663,Regular,2025-06-23,HN,86415ca6fffffff,18-24,Treatment
U02664,Regular,2025-02-04,HN,86415cb5fffffff,25-34,Treatment
U02665,Regular,2025-01-28,HN,8641436a7ffffff,18-24,Treatment
U02666,Regular,2025-06-01,HN,86415cb5fffffff,25-34,Treatment
U02667,Regular,2025-01-19,HN,86415cb5fffffff,25-34,Treatment
U02668,Regular,2026-01-27,HN,86414379fffffff,18-24,Treatment
U02669,Regular,2026-01-31,HN,86415cb4fffffff,45+,Treatment
U02670,Regular,2025-02-24,HN,8641436a7ffffff,18-24,Treatment
U02671,Regular,2025-12-22,HN,86415ca67ffffff,25-34,Treatment
U02672,Regular,2026-01-15,HN,864143697ffffff,45+,Treatment
U02673,Regular,2025-04-01,HN,86415ca6fffffff,35-44,Treatment
U02674,Regular,2025-04-24,HN,86415cb4fffffff,35-44,Treatment
U02675,Regular,2026-01-27,HN,86415cb6fffffff,35-44,Treatment
U02676,Regular,2025-09-06,HN,86415cb5fffffff,25-34,Treatment
U02677,Regular,2026-03-16,HN,86415cb67ffffff,18-24,Holdout
U02678,Regular,2025-05-08,HN,86415cb6fffffff,35-44,Treatment
U02679,Regular,2025-05-25,HN,86415cb6fffffff,25-34,Treatment
U02680,Regular,2025-06-30,HN,86415ca77ffffff,18-24,Treatment
U02681,Regular,2025-04-04,HN,86415cb4fffffff,18-24,Treatment
U02682,Regular,2026-01-08,HN,86415ca6fffffff,25-34,Treatment
U02683,Regular,2026-02-18,HN,864143697ffffff,18-24,Treatment
U02684,Regular,2025-03-04,HN,86415cb4fffffff,35-44,Treatment
U02685,Regular,2025-04-17,HN,86415ca6fffffff,18-24,Treatment
U02686,Regular,2026-02-14,HN,86415cb5fffffff,35-44,Treatment
U02687,Regular,2025-12-21,HN,86415cb4fffffff,18-24,Treatment
U02688,Regular,2026-02-22,HN,864143697ffffff,35-44,Holdout
U02689,Regular,2026-04-04,HN,8641436b7ffffff,25-34,Treatment
U02690,Regular,2025-04-02,HN,8641436a7ffffff,35-44,Treatment
U02691,Regular,2026-02-22,HN,86414369fffffff,25-34,Treatment
U02692,Regular,2026-03-21,HN,86415ca47ffffff,25-34,Treatment
U02693,Regular,2026-04-18,HN,86415ca2fffffff,18-24,Treatment
U02694,Regular,2025-08-14,HN,86415cb5fffffff,25-34,Treatment
U02695,Regular,2025-03-16,HN,86415cb5fffffff,45+,Treatment
U02696,Regular,2025-07-23,HN,86415ca67ffffff,35-44,Treatment
U02697,Regular,2025-12-06,HN,86415ca2fffffff,18-24,Treatment
U02698,Regular,2025-02-05,HN,86415cb5fffffff,25-34,Holdout
U02699,Regular,2026-02-20,HN,86415ca2fffffff,35-44,Treatment
U02700,Regular,2025-01-05,HN,86415ca2fffffff,18-24,Treatment
U02701,Regular,2026-05-15,HN,8641436a7ffffff,25-34,Treatment
U02702,Regular,2025-04-16,HN,86415ca6fffffff,18-24,Treatment
U02703,Regular,2026-01-04,HN,86415cb4fffffff,25-34,Treatment
U02704,Regular,2025-07-24,HN,86415cb5fffffff,25-34,Treatment
U02705,Regular,2026-02-16,HN,86414369fffffff,18-24,Treatment
U02706,Regular,2026-02-26,HN,86415cb4fffffff,18-24,Treatment
U02707,Regular,2025-07-17,HN,86415ca67ffffff,18-24,Treatment
U02708,Regular,2025-05-29,HN,86415ca67ffffff,18-24,Treatment
U02709,Regular,2025-05-14,HN,86415ca47ffffff,25-34,Treatment
U02710,Regular,2025-04-05,HN,864143697ffffff,18-24,Holdout
U02711,Regular,2025-03-15,HN,86415ca2fffffff,18-24,Treatment
U02712,Regular,2025-11-08,HN,86415ca77ffffff,18-24,Treatment
U02713,Regular,2025-08-14,HN,86415cb4fffffff,18-24,Treatment
U02714,Regular,2025-12-18,HN,864143697ffffff,25-34,Treatment
U02715,Regular,2025-04-05,HN,86415ca2fffffff,18-24,Treatment
U02716,Regular,2025-04-08,HN,86415cb4fffffff,18-24,Treatment
U02717,Regular,2025-02-27,HN,86415cb4fffffff,25-34,Treatment
U02718,Regular,2025-12-03,HN,86415ca77ffffff,35-44,Treatment
U02719,Regular,2025-12-22,HN,86415ca77ffffff,18-24,Treatment
U02720,Regular,2026-03-07,HN,86415ca47ffffff,45+,Treatment
U02721,Regular,2025-05-09,HN,8641436b7ffffff,45+,Treatment
U02722,Regular,2026-02-16,HN,86415cb67ffffff,25-34,Treatment
U02723,Regular,2025-01-20,HN,864143697ffffff,45+,Holdout
U02724,Regular,2025-03-23,HN,86415cb6fffffff,35-44,Treatment
U02725,Regular,2025-04-14,HN,86415cb4fffffff,35-44,Treatment
U02726,Regular,2025-03-06,HN,86415cb67ffffff,25-34,Treatment
U02727,Regular,2025-03-07,HN,86415cb6fffffff,18-24,Treatment
U02728,Regular,2026-04-27,HN,86415cb5fffffff,25-34,Treatment
U02729,Regular,2025-08-08,HN,86415ca2fffffff,35-44,Treatment
U02730,Regular,2025-09-05,HN,86415cb47ffffff,18-24,Treatment
U02731,Regular,2025-03-24,HN,86414379fffffff,45+,Holdout
U02732,Regular,2026-02-14,HN,86415cb5fffffff,25-34,Treatment
U02733,Regular,2025-06-15,HN,8641436a7ffffff,18-24,Treatment
U02734,Regular,2025-05-29,HN,864143697ffffff,35-44,Treatment
U02735,Regular,2025-05-21,HN,86415cb4fffffff,25-34,Treatment
U02736,Regular,2025-01-04,HN,86415cb4fffffff,18-24,Treatment
U02737,Regular,2025-08-03,HN,86415ca67ffffff,25-34,Treatment
U02738,Regular,2026-05-13,HN,86415cb57ffffff,25-34,Treatment
U02739,Regular,2026-02-04,HN,86415ca67ffffff,35-44,Treatment
U02740,Regular,2025-04-06,HN,86415cb4fffffff,35-44,Treatment
U02741,Regular,2025-07-18,HN,86415cb4fffffff,35-44,Holdout
U02742,Regular,2025-11-20,HN,86415cb4fffffff,25-34,Holdout
U02743,Regular,2025-03-09,HN,86415ca67ffffff,18-24,Treatment
U02744,Regular,2026-04-07,HN,86415ca67ffffff,25-34,Holdout
U02745,Regular,2025-10-10,HN,86415ca6fffffff,35-44,Treatment
U02746,Regular,2025-02-24,HN,86415ca67ffffff,35-44,Treatment
U02747,Regular,2026-04-17,HN,864143687ffffff,18-24,Holdout
U02748,Regular,2026-03-18,HN,86415cb5fffffff,25-34,Treatment
U02749,Regular,2026-02-01,HN,86415cb5fffffff,35-44,Treatment
U02750,Regular,2025-06-11,HN,86415cb67ffffff,45+,Treatment
U02751,Regular,2025-01-25,HN,86414369fffffff,45+,Treatment
U02752,Regular,2025-06-26,HN,86415cb4fffffff,18-24,Treatment
U02753,Regular,2025-09-29,HN,86415cb77ffffff,35-44,Treatment
U02754,Regular,2025-04-14,HN,86415ca6fffffff,25-34,Treatment
U02755,Regular,2025-06-16,HN,86415ca2fffffff,35-44,Treatment
U02756,Regular,2026-01-22,HN,864143697ffffff,18-24,Treatment
U02757,Regular,2026-04-28,HN,86415cb6fffffff,25-34,Treatment
U02758,Regular,2025-07-02,HN,86415cb6fffffff,25-34,Treatment
U02759,Regular,2026-05-02,HN,86415cb4fffffff,18-24,Treatment
U02760,Regular,2025-01-08,HN,86415cb5fffffff,35-44,Treatment
U02761,Regular,2025-01-17,HN,86415ca6fffffff,25-34,Treatment
U02762,Regular,2026-02-14,HN,86415ca6fffffff,35-44,Treatment
U02763,Regular,2025-06-18,HN,86415cb6fffffff,25-34,Treatment
U02764,Regular,2025-11-14,HN,86415ca67ffffff,25-34,Treatment
U02765,Regular,2025-10-10,HN,86415ca67ffffff,18-24,Treatment
U02766,Regular,2025-10-03,HN,86415ca67ffffff,18-24,Treatment
U02767,Regular,2025-02-18,HN,86415cb6fffffff,18-24,Treatment
U02768,Regular,2025-01-14,HN,864143697ffffff,45+,Treatment
U02769,Regular,2025-10-31,HN,86415cb4fffffff,35-44,Treatment
U02770,Regular,2025-10-05,HN,86415cb5fffffff,35-44,Treatment
U02771,Regular,2025-12-06,HN,8641436a7ffffff,18-24,Treatment
U02772,Regular,2025-05-10,HN,86415ca67ffffff,45+,Treatment
U02773,Regular,2025-06-20,HN,86415cb5fffffff,25-34,Treatment
U02774,Regular,2026-04-02,HN,86415ca6fffffff,18-24,Treatment
U02775,Regular,2025-07-25,HN,86415ca67ffffff,18-24,Treatment
U02776,Regular,2025-09-15,HN,86415cb4fffffff,35-44,Holdout
U02777,Regular,2025-03-19,HN,86415cb67ffffff,35-44,Treatment
U02778,Regular,2025-11-13,HN,8641436b7ffffff,25-34,Treatment
U02779,Regular,2026-01-10,HN,864143687ffffff,25-34,Treatment
U02780,Regular,2026-01-25,HN,86415ca6fffffff,25-34,Treatment
U02781,Regular,2025-10-08,HN,86415cb4fffffff,25-34,Holdout
U02782,Regular,2025-12-26,HN,86415cb5fffffff,18-24,Holdout
U02783,Regular,2025-01-09,HN,864143697ffffff,18-24,Treatment
U02784,Regular,2025-11-03,HN,86415cb4fffffff,25-34,Treatment
U02785,Regular,2025-02-28,HN,86415cb57ffffff,18-24,Treatment
U02786,Regular,2025-08-23,HN,86415ca2fffffff,18-24,Treatment
U02787,Regular,2025-05-02,HN,86415ca67ffffff,18-24,Treatment
U02788,Regular,2025-06-29,HN,8641436b7ffffff,25-34,Treatment
U02789,Regular,2025-04-15,HN,86415ca67ffffff,25-34,Treatment
U02790,Regular,2025-09-24,HN,86414379fffffff,35-44,Treatment
U02791,Regular,2026-04-23,HN,86415cb6fffffff,25-34,Treatment
U02792,Regular,2025-05-07,HN,86415ca47ffffff,35-44,Treatment
U02793,Regular,2025-12-17,HN,86415cb4fffffff,35-44,Treatment
U02794,Regular,2025-10-06,HN,86415cb5fffffff,25-34,Treatment
U02795,Regular,2026-03-02,HN,86415cb6fffffff,18-24,Treatment
U02796,Regular,2026-04-23,HN,86414379fffffff,35-44,Treatment
U02797,Regular,2025-02-24,HN,86415cb4fffffff,25-34,Treatment
U02798,Regular,2026-03-08,HN,86415cb6fffffff,25-34,Treatment
U02799,Regular,2026-01-06,HN,86415cb6fffffff,25-34,Treatment
U02800,Regular,2025-08-28,HN,86415cb4fffffff,18-24,Treatment
U02801,Regular,2025-07-30,HN,86414369fffffff,25-34,Treatment
U02802,Regular,2025-12-27,HN,86415ca2fffffff,18-24,Treatment
U02803,Regular,2026-04-03,HN,86415ca67ffffff,25-34,Treatment
U02804,Regular,2025-01-20,HN,864143697ffffff,25-34,Holdout
U02805,Regular,2025-10-02,HN,86415cb5fffffff,18-24,Treatment
U02806,Regular,2026-01-13,HN,86415cb6fffffff,18-24,Treatment
U02807,Regular,2026-01-13,HN,86415ca67ffffff,18-24,Treatment
U02808,Regular,2026-03-28,HN,86415cb4fffffff,45+,Treatment
U02809,Regular,2026-02-09,HN,86415cb6fffffff,25-34,Treatment
U02810,Regular,2025-07-03,HN,86414369fffffff,25-34,Treatment
U02811,Regular,2025-10-17,HN,86415ca47ffffff,25-34,Holdout
U02812,Regular,2025-01-03,HN,86415cb5fffffff,35-44,Treatment
U02813,Regular,2025-05-17,HN,86415cb4fffffff,18-24,Treatment
U02814,Regular,2026-02-01,HN,86415cb6fffffff,18-24,Holdout
U02815,Regular,2025-07-27,HN,8641436a7ffffff,35-44,Treatment
U02816,Regular,2025-04-12,HN,864143697ffffff,18-24,Treatment
U02817,Regular,2026-05-05,HN,86415ca77ffffff,25-34,Treatment
U02818,Regular,2025-12-05,HN,86415ca2fffffff,18-24,Holdout
U02819,Regular,2025-12-01,HN,86415cb4fffffff,25-34,Treatment
U02820,Regular,2025-07-30,HN,86415cb4fffffff,18-24,Treatment
U02821,Regular,2025-03-27,HN,86415ca67ffffff,45+,Treatment
U02822,Regular,2025-11-27,HN,86415cb4fffffff,45+,Treatment
U02823,Regular,2026-05-04,HN,86415cb57ffffff,25-34,Treatment
U02824,Regular,2025-08-16,HN,86415cb4fffffff,18-24,Treatment
U02825,Regular,2026-04-10,HN,8641436b7ffffff,35-44,Treatment
U02826,Regular,2026-01-11,HN,86415cb47ffffff,45+,Holdout
U02827,Regular,2025-10-21,HN,86415cb6fffffff,25-34,Treatment
U02828,Regular,2026-01-14,HN,86415cb5fffffff,18-24,Treatment
U02829,Regular,2025-04-29,HN,86415cb5fffffff,25-34,Treatment
U02830,Regular,2025-03-28,HN,864143697ffffff,18-24,Treatment
U02831,Regular,2026-01-31,HN,864143697ffffff,18-24,Treatment
U02832,Regular,2025-11-26,HN,86415cb57ffffff,35-44,Treatment
U02833,Regular,2025-08-21,HN,86415cb5fffffff,18-24,Treatment
U02834,Regular,2026-05-14,HN,86415cb4fffffff,25-34,Treatment
U02835,Regular,2025-08-17,HN,864143697ffffff,35-44,Holdout
U02836,Regular,2025-05-09,HN,86415cb5fffffff,25-34,Treatment
U02837,Regular,2025-12-07,HN,86415cb6fffffff,18-24,Treatment
U02838,Regular,2025-08-23,HN,86415cb5fffffff,45+,Treatment
U02839,Regular,2025-11-03,HN,864143697ffffff,25-34,Treatment
U02840,Regular,2025-04-10,HN,86415cb5fffffff,25-34,Treatment
U02841,Regular,2025-05-31,HN,86415cb5fffffff,25-34,Treatment
U02842,Regular,2025-12-07,HN,864143697ffffff,25-34,Treatment
U02843,Regular,2025-09-24,HN,864143697ffffff,25-34,Holdout
U02844,Regular,2025-12-10,HN,86415cb5fffffff,25-34,Holdout
U02845,Regular,2025-11-17,HN,86415cb5fffffff,18-24,Treatment
U02846,Regular,2026-02-03,HN,86415cb47ffffff,45+,Treatment
U02847,Regular,2025-02-19,HN,86415cb6fffffff,25-34,Treatment
U02848,Regular,2025-06-20,HN,86415cb77ffffff,18-24,Treatment
U02849,Regular,2026-05-01,HN,86414369fffffff,25-34,Treatment
U02850,Regular,2026-04-18,HN,86415cb47ffffff,18-24,Treatment
U02851,Regular,2025-03-16,HN,86415cb6fffffff,35-44,Treatment
U02852,Regular,2025-08-18,HN,86415cb5fffffff,25-34,Treatment
U02853,Regular,2026-03-09,HN,86415cb4fffffff,25-34,Holdout
U02854,Regular,2025-11-19,HN,86415cb5fffffff,25-34,Treatment
U02855,Regular,2025-06-20,HN,86415ca67ffffff,18-24,Treatment
U02856,Regular,2026-01-31,HN,86415cb5fffffff,25-34,Treatment
U02857,Regular,2026-02-22,HN,864143697ffffff,25-34,Treatment
U02858,Regular,2025-02-26,HN,86415cb6fffffff,25-34,Treatment
U02859,Regular,2025-05-20,HN,864143697ffffff,25-34,Holdout
U02860,Regular,2025-01-30,HN,86415ca6fffffff,35-44,Treatment
U02861,Regular,2025-06-12,HN,86415ca67ffffff,25-34,Treatment
U02862,Regular,2025-05-26,HN,864143697ffffff,25-34,Treatment
U02863,Regular,2025-11-15,HN,86415cb5fffffff,18-24,Treatment
U02864,Regular,2025-06-24,HN,86415cb5fffffff,25-34,Treatment
U02865,Regular,2025-05-25,HN,86415cb5fffffff,18-24,Treatment
U02866,Regular,2025-10-30,HN,86415cb6fffffff,45+,Treatment
U02867,Regular,2025-08-05,HN,86415ca47ffffff,35-44,Treatment
U02868,Regular,2025-01-21,HN,86415cb47ffffff,25-34,Treatment
U02869,Regular,2025-01-26,HN,86415cb57ffffff,35-44,Treatment
U02870,Regular,2025-10-14,HN,86415cb47ffffff,25-34,Treatment
U02871,Regular,2025-10-18,HN,86415ca47ffffff,25-34,Treatment
U02872,Regular,2026-04-20,HN,86415cb6fffffff,18-24,Holdout
U02873,Regular,2025-06-19,HN,86415cb67ffffff,35-44,Treatment
U02874,Regular,2025-12-13,HN,864143687ffffff,35-44,Treatment
U02875,Regular,2025-05-01,HN,86415cb5fffffff,25-34,Treatment
U02876,Regular,2025-11-17,HN,86415ca67ffffff,25-34,Treatment
U02877,Regular,2025-04-09,HN,86415cb6fffffff,25-34,Holdout
U02878,Regular,2025-06-25,HN,86415cb5fffffff,25-34,Treatment
U02879,Regular,2025-01-14,HN,86415cb77ffffff,35-44,Treatment
U02880,Regular,2025-08-15,HN,86415ca67ffffff,18-24,Treatment
U02881,Regular,2025-10-14,HN,86415cb4fffffff,25-34,Treatment
U02882,Regular,2025-05-08,HN,86415cb4fffffff,25-34,Treatment
U02883,Regular,2025-09-06,HN,864143697ffffff,18-24,Treatment
U02884,Regular,2025-06-21,HN,86415ca2fffffff,25-34,Treatment
U02885,Regular,2025-08-22,HN,86415cb6fffffff,25-34,Treatment
U02886,Regular,2025-08-01,HN,86415cb6fffffff,25-34,Treatment
U02887,Regular,2025-01-19,HN,8641436a7ffffff,18-24,Treatment
U02888,Regular,2025-05-04,HN,86415ca67ffffff,35-44,Treatment
U02889,Regular,2025-02-14,HN,8641436a7ffffff,25-34,Treatment
U02890,Regular,2025-01-27,HN,86414369fffffff,18-24,Treatment
U02891,Regular,2025-03-07,HN,86415cb6fffffff,18-24,Treatment
U02892,Regular,2025-11-11,HN,86415ca47ffffff,18-24,Treatment
U02893,Regular,2025-09-29,HN,864143697ffffff,35-44,Holdout
U02894,Regular,2025-04-02,HN,86415ca47ffffff,45+,Holdout
U02895,Regular,2025-02-20,HN,86415cb6fffffff,25-34,Treatment
U02896,Regular,2025-10-09,HN,86415cb47ffffff,18-24,Treatment
U02897,Regular,2025-11-07,HN,86415ca67ffffff,25-34,Treatment
U02898,Regular,2025-06-10,HN,86415cb47ffffff,18-24,Treatment
U02899,Regular,2025-03-30,HN,86415cb6fffffff,25-34,Treatment
U02900,Regular,2025-08-25,HN,86415cb47ffffff,18-24,Treatment
U02901,Regular,2025-09-29,HN,86415cb6fffffff,35-44,Treatment
U02902,Regular,2026-04-25,HN,86415cb47ffffff,25-34,Treatment
U02903,Regular,2025-10-27,HN,864143697ffffff,18-24,Holdout
U02904,Regular,2025-01-03,HN,8641436b7ffffff,18-24,Treatment
U02905,Regular,2025-09-24,HN,86415ca77ffffff,18-24,Treatment
U02906,Regular,2025-11-02,HN,864143697ffffff,25-34,Treatment
U02907,Regular,2025-03-26,HN,86415cb6fffffff,25-34,Treatment
U02908,Regular,2025-05-01,HN,86415cb4fffffff,25-34,Treatment
U02909,Regular,2026-03-07,HN,86415cb5fffffff,35-44,Treatment
U02910,Regular,2025-06-18,HN,86415cb5fffffff,25-34,Treatment
U02911,Regular,2025-02-04,HN,86415cb4fffffff,18-24,Treatment
U02912,Regular,2025-11-12,HN,86415cb5fffffff,35-44,Treatment
U02913,Regular,2025-12-16,HN,864143697ffffff,18-24,Treatment
U02914,Regular,2026-01-02,HN,8641436a7ffffff,25-34,Holdout
U02915,Regular,2025-05-16,HN,864143697ffffff,18-24,Treatment
U02916,Regular,2026-01-23,HN,8641436a7ffffff,35-44,Treatment
U02917,Regular,2025-05-13,HN,86415cb4fffffff,25-34,Treatment
U02918,Regular,2026-04-09,HN,86415cb57ffffff,18-24,Treatment
U02919,Regular,2025-04-13,HN,86415ca67ffffff,45+,Treatment
U02920,Regular,2025-05-09,HN,864143697ffffff,18-24,Treatment
U02921,Regular,2025-05-20,HN,86415cb4fffffff,25-34,Treatment
U02922,Regular,2026-02-08,HN,8641436b7ffffff,25-34,Treatment
U02923,Regular,2026-05-10,HN,86415ca6fffffff,25-34,Treatment
U02924,Regular,2025-05-19,HN,86415cb4fffffff,35-44,Holdout
U02925,Regular,2025-09-04,HN,86415ca67ffffff,45+,Treatment
U02926,Regular,2026-02-10,HN,86415ca67ffffff,18-24,Treatment
U02927,Regular,2025-05-03,HN,864143697ffffff,35-44,Treatment
U02928,Regular,2025-03-16,HN,86415cb4fffffff,18-24,Treatment
U02929,Regular,2025-02-05,HN,86415ca67ffffff,25-34,Treatment
U02930,Regular,2025-07-26,HN,86415cb47ffffff,35-44,Treatment
U02931,Regular,2025-11-27,HN,864143697ffffff,25-34,Treatment
U02932,Regular,2025-02-12,HN,86415ca2fffffff,45+,Treatment
U02933,Regular,2025-04-10,HN,86415cb4fffffff,25-34,Treatment
U02934,Regular,2026-05-12,HN,86414369fffffff,18-24,Treatment
U02935,Regular,2025-11-18,HN,86415cb77ffffff,25-34,Treatment
U02936,Regular,2025-05-31,HN,86415ca6fffffff,18-24,Treatment
U02937,Regular,2026-01-23,HN,8641436b7ffffff,45+,Treatment
U02938,Regular,2025-07-07,HN,86415cb4fffffff,25-34,Treatment
U02939,Regular,2025-06-28,HN,864143697ffffff,25-34,Treatment
U02940,Regular,2025-02-13,HN,86415cb5fffffff,35-44,Treatment
U02941,Regular,2025-02-07,HN,86415ca77ffffff,45+,Treatment
U02942,Regular,2025-11-06,HN,86415cb67ffffff,18-24,Holdout
U02943,Regular,2025-03-23,HN,86415cb4fffffff,25-34,Treatment
U02944,Regular,2025-06-01,HN,86415cb6fffffff,25-34,Treatment
U02945,Regular,2025-05-12,HN,86414379fffffff,18-24,Treatment
U02946,Regular,2026-01-17,HN,86415cb5fffffff,18-24,Treatment
U02947,Regular,2026-02-05,HN,864143697ffffff,18-24,Treatment
U02948,Regular,2026-05-14,HN,864143697ffffff,25-34,Treatment
U02949,Regular,2025-07-06,HN,86415cb6fffffff,35-44,Holdout
U02950,Regular,2026-05-12,HN,86415ca6fffffff,18-24,Treatment
U02951,Regular,2025-08-15,HN,86415cb5fffffff,45+,Treatment
U02952,Regular,2025-03-07,HN,86415cb4fffffff,18-24,Treatment
U02953,Regular,2026-01-24,HN,86415cb5fffffff,18-24,Treatment
U02954,Regular,2026-02-11,HN,86415cb6fffffff,25-34,Treatment
U02955,Regular,2025-09-16,HN,864143697ffffff,18-24,Treatment
U02956,Regular,2025-01-04,HN,86415cb4fffffff,25-34,Treatment
U02957,Regular,2025-06-17,HN,864143697ffffff,35-44,Treatment
U02958,Regular,2026-02-27,HN,86415cb6fffffff,45+,Treatment
U02959,Regular,2025-11-30,HN,86415ca47ffffff,18-24,Treatment
U02960,Regular,2025-01-21,HN,86415cb67ffffff,18-24,Treatment
U02961,Regular,2025-03-09,HN,86415ca67ffffff,35-44,Treatment
U02962,Regular,2026-03-11,HN,86415cb4fffffff,18-24,Treatment
U02963,Regular,2026-03-26,HN,864143697ffffff,18-24,Treatment
U02964,Regular,2025-03-07,HN,86415cb77ffffff,35-44,Treatment
U02965,Regular,2025-10-03,HN,86415cb77ffffff,25-34,Treatment
U02966,Regular,2025-07-08,HN,8641436b7ffffff,25-34,Treatment
U02967,Regular,2025-10-17,HN,86415cb4fffffff,25-34,Treatment
U02968,Regular,2026-04-30,HN,864143697ffffff,25-34,Treatment
U02969,Regular,2025-09-16,HN,86414379fffffff,25-34,Treatment
U02970,Regular,2025-12-08,HN,86415cb4fffffff,25-34,Treatment
U02971,Regular,2026-03-11,HN,86415cb5fffffff,35-44,Treatment
U02972,Regular,2025-04-16,HN,8641436b7ffffff,35-44,Holdout
U02973,Regular,2025-12-08,HN,86415cb4fffffff,45+,Treatment
U02974,Regular,2025-04-23,HN,86415cb4fffffff,35-44,Treatment
U02975,Regular,2025-10-27,HN,86415cb57ffffff,18-24,Treatment
U02976,Regular,2025-10-07,HN,86415cb5fffffff,25-34,Treatment
U02977,Regular,2025-04-28,HN,86415ca67ffffff,45+,Treatment
U02978,Regular,2025-05-29,HN,8641436b7ffffff,18-24,Treatment
U02979,Regular,2025-02-11,HN,86414379fffffff,35-44,Treatment
U02980,Regular,2025-11-08,HN,86415cb67ffffff,35-44,Treatment
U02981,Regular,2025-10-12,HN,86415ca47ffffff,35-44,Treatment
U02982,Regular,2026-02-17,HN,86415cb5fffffff,35-44,Treatment
U02983,Regular,2026-01-06,HN,864143697ffffff,35-44,Treatment
U02984,Regular,2025-12-05,HN,864143697ffffff,25-34,Treatment
U02985,Regular,2026-02-25,HN,8641436b7ffffff,35-44,Treatment
U02986,Regular,2026-04-03,HN,8641436a7ffffff,25-34,Treatment
U02987,Regular,2025-07-09,HN,86415cb5fffffff,25-34,Treatment
U02988,Regular,2025-02-15,HN,8641436a7ffffff,25-34,Treatment
U02989,Regular,2026-03-14,HN,86415cb5fffffff,35-44,Treatment
U02990,Regular,2025-01-10,HN,86414379fffffff,35-44,Treatment
U02991,Regular,2025-03-07,HN,86415ca67ffffff,18-24,Treatment
U02992,Regular,2026-04-15,HN,8641436b7ffffff,25-34,Treatment
U02993,Regular,2025-12-09,HN,86415ca77ffffff,25-34,Treatment
U02994,Regular,2026-03-21,HN,86415ca2fffffff,45+,Treatment
U02995,Regular,2025-08-27,HN,86415cb6fffffff,25-34,Treatment
U02996,Regular,2026-02-06,HN,86415ca67ffffff,25-34,Treatment
U02997,Regular,2025-12-10,HN,86415cb4fffffff,25-34,Treatment
U02998,Regular,2025-01-06,HN,864143697ffffff,18-24,Holdout
U02999,Regular,2026-05-08,HN,86415ca77ffffff,25-34,Treatment
U03000,Regular,2026-03-08,HN,86415ca67ffffff,25-34,Treatment
U03001,Loyal,2025-02-22,HN,86415cb4fffffff,25-34,Treatment
U03002,Loyal,2025-03-10,HN,86415cb6fffffff,18-24,Treatment
U03003,Loyal,2024-08-27,HN,864143697ffffff,25-34,Treatment
U03004,Loyal,2025-06-08,HN,86415ca67ffffff,18-24,Treatment
U03005,Loyal,2024-12-01,HN,86415ca67ffffff,25-34,Treatment
U03006,Loyal,2024-10-01,HN,86415cb6fffffff,25-34,Treatment
U03007,Loyal,2024-09-30,HN,86415cb77ffffff,25-34,Treatment
U03008,Loyal,2025-09-15,HN,86415cb4fffffff,18-24,Treatment
U03009,Loyal,2025-04-15,HN,86415cb6fffffff,18-24,Treatment
U03010,Loyal,2024-11-28,HN,864143697ffffff,18-24,Treatment
U03011,Loyal,2024-09-08,HN,86415cb5fffffff,35-44,Treatment
U03012,Loyal,2025-10-10,HN,864143697ffffff,18-24,Treatment
U03013,Loyal,2025-03-22,HN,86415ca2fffffff,25-34,Treatment
U03014,Loyal,2025-10-13,HN,86415cb57ffffff,25-34,Treatment
U03015,Loyal,2024-07-14,HN,86415cb5fffffff,25-34,Treatment
U03016,Loyal,2025-08-28,HN,86415cb5fffffff,25-34,Treatment
U03017,Loyal,2025-05-12,HN,86415cb67ffffff,35-44,Holdout
U03018,Loyal,2025-05-24,HN,86415ca2fffffff,25-34,Treatment
U03019,Loyal,2025-04-28,HN,86415ca67ffffff,18-24,Treatment
U03020,Loyal,2025-06-13,HN,864143697ffffff,25-34,Treatment
U03021,Loyal,2025-05-09,HN,86415cb5fffffff,25-34,Treatment
U03022,Loyal,2025-08-20,HN,86415cb4fffffff,25-34,Treatment
U03023,Loyal,2025-09-12,HN,86415ca77ffffff,45+,Treatment
U03024,Loyal,2024-07-23,HN,864143697ffffff,18-24,Treatment
U03025,Loyal,2025-09-30,HN,8641436b7ffffff,25-34,Treatment
U03026,Loyal,2025-07-11,HN,8641436a7ffffff,25-34,Holdout
U03027,Loyal,2024-12-31,HN,86415cb4fffffff,25-34,Treatment
U03028,Loyal,2025-08-01,HN,86415ca6fffffff,45+,Treatment
U03029,Loyal,2025-06-20,HN,86415ca67ffffff,18-24,Treatment
U03030,Loyal,2025-07-06,HN,8641436b7ffffff,18-24,Treatment
U03031,Loyal,2025-09-23,HN,86415cb67ffffff,35-44,Treatment
U03032,Loyal,2025-05-06,HN,8641436b7ffffff,35-44,Treatment
U03033,Loyal,2025-01-22,HN,86415cb6fffffff,25-34,Treatment
U03034,Loyal,2025-08-07,HN,86415cb4fffffff,18-24,Treatment
U03035,Loyal,2025-08-27,HN,864143697ffffff,18-24,Treatment
U03036,Loyal,2024-12-05,HN,8641436b7ffffff,18-24,Treatment
U03037,Loyal,2025-01-22,HN,86415cb57ffffff,25-34,Treatment
U03038,Loyal,2024-12-15,HN,86415cb5fffffff,35-44,Treatment
U03039,Loyal,2024-08-10,HN,864143687ffffff,35-44,Treatment
U03040,Loyal,2025-04-09,HN,86415cb4fffffff,18-24,Treatment
U03041,Loyal,2025-08-29,HN,86415ca2fffffff,18-24,Treatment
U03042,Loyal,2025-04-27,HN,864143697ffffff,45+,Treatment
U03043,Loyal,2024-09-11,HN,86415ca67ffffff,18-24,Treatment
U03044,Loyal,2025-03-20,HN,86415cb4fffffff,25-34,Treatment
U03045,Loyal,2025-09-14,HN,86415cb4fffffff,25-34,Treatment
U03046,Loyal,2024-06-29,HN,86414379fffffff,35-44,Treatment
U03047,Loyal,2024-08-26,HN,86415ca6fffffff,25-34,Treatment
U03048,Loyal,2025-06-08,HN,86415cb4fffffff,35-44,Treatment
U03049,Loyal,2024-09-15,HN,86415cb47ffffff,25-34,Treatment
U03050,Loyal,2025-10-06,HN,86415cb4fffffff,25-34,Treatment
U03051,Loyal,2025-03-17,HN,864143697ffffff,25-34,Treatment
U03052,Loyal,2024-10-13,HN,86415cb4fffffff,35-44,Treatment
U03053,Loyal,2024-12-04,HN,86415ca77ffffff,25-34,Treatment
U03054,Loyal,2025-08-08,HN,86415cb6fffffff,45+,Treatment
U03055,Loyal,2024-08-24,HN,864143697ffffff,25-34,Treatment
U03056,Loyal,2025-06-04,HN,86414369fffffff,35-44,Treatment
U03057,Loyal,2024-12-29,HN,864143697ffffff,35-44,Treatment
U03058,Loyal,2025-02-05,HN,86415cb5fffffff,18-24,Treatment
U03059,Loyal,2025-04-29,HN,86415cb5fffffff,18-24,Treatment
U03060,Loyal,2025-03-08,HN,86415ca2fffffff,25-34,Treatment
U03061,Loyal,2025-01-31,HN,86415ca67ffffff,25-34,Treatment
U03062,Loyal,2025-09-06,HN,86415cb6fffffff,35-44,Treatment
U03063,Loyal,2024-10-07,HN,86415ca67ffffff,25-34,Treatment
U03064,Loyal,2024-12-28,HN,864143697ffffff,25-34,Holdout
U03065,Loyal,2024-10-22,HN,86415cb67ffffff,35-44,Treatment
U03066,Loyal,2024-12-18,HN,86415ca47ffffff,35-44,Treatment
U03067,Loyal,2024-12-21,HN,86415ca2fffffff,18-24,Treatment
U03068,Loyal,2025-08-01,HN,864143697ffffff,18-24,Treatment
U03069,Loyal,2025-09-04,HN,86415ca67ffffff,45+,Treatment
U03070,Loyal,2025-05-08,HN,86415cb6fffffff,18-24,Treatment
U03071,Loyal,2024-07-03,HN,86415cb5fffffff,25-34,Treatment
U03072,Loyal,2024-11-07,HN,86415cb4fffffff,18-24,Treatment
U03073,Loyal,2025-03-27,HN,86415cb6fffffff,25-34,Treatment
U03074,Loyal,2025-07-27,HN,86415cb5fffffff,18-24,Treatment
U03075,Loyal,2024-09-26,HN,86415ca6fffffff,25-34,Treatment
U03076,Loyal,2024-06-26,HN,86415cb4fffffff,35-44,Treatment
U03077,Loyal,2025-07-05,HN,86415ca2fffffff,35-44,Treatment
U03078,Loyal,2024-08-10,HN,86415cb4fffffff,25-34,Treatment
U03079,Loyal,2024-07-13,HN,864143697ffffff,35-44,Treatment
U03080,Loyal,2025-02-12,HN,86415cb4fffffff,18-24,Treatment
U03081,Loyal,2024-12-24,HN,86415cb5fffffff,35-44,Treatment
U03082,Loyal,2024-12-28,HN,86415cb5fffffff,25-34,Treatment
U03083,Loyal,2025-07-17,HN,86415cb5fffffff,18-24,Treatment
U03084,Loyal,2025-05-22,HN,864143687ffffff,25-34,Treatment
U03085,Loyal,2024-12-14,HN,86415cb4fffffff,35-44,Treatment
U03086,Loyal,2024-10-07,HN,864143697ffffff,25-34,Holdout
U03087,Loyal,2024-07-31,HN,864143697ffffff,18-24,Treatment
U03088,Loyal,2024-09-20,HN,86415cb47ffffff,25-34,Treatment
U03089,Loyal,2025-03-08,HN,8641436a7ffffff,35-44,Treatment
U03090,Loyal,2025-04-11,HN,86415cb6fffffff,25-34,Treatment
U03091,Loyal,2025-08-13,HN,86415cb5fffffff,25-34,Treatment
U03092,Loyal,2025-01-01,HN,864143697ffffff,18-24,Treatment
U03093,Loyal,2025-07-08,HN,86415ca2fffffff,45+,Treatment
U03094,Loyal,2024-06-02,HN,86415ca2fffffff,35-44,Treatment
U03095,Loyal,2025-07-15,HN,86415ca6fffffff,25-34,Treatment
U03096,Loyal,2024-11-19,HN,8641436a7ffffff,25-34,Treatment
U03097,Loyal,2024-06-13,HN,86415ca67ffffff,35-44,Treatment
U03098,Loyal,2025-06-03,HN,86415ca77ffffff,18-24,Treatment
U03099,Loyal,2025-08-06,HN,8641436b7ffffff,25-34,Treatment
U03100,Loyal,2025-02-07,HN,86415ca67ffffff,18-24,Treatment
U03101,Loyal,2025-06-08,HN,86415ca2fffffff,18-24,Holdout
U03102,Loyal,2024-11-13,HN,864143697ffffff,18-24,Treatment
U03103,Loyal,2024-10-09,HN,86415cb6fffffff,35-44,Treatment
U03104,Loyal,2025-07-19,HN,8641436a7ffffff,35-44,Treatment
U03105,Loyal,2025-03-31,HN,864143697ffffff,25-34,Treatment
U03106,Loyal,2024-08-19,HN,86415cb47ffffff,18-24,Treatment
U03107,Loyal,2024-10-12,HN,86415ca67ffffff,25-34,Treatment
U03108,Loyal,2025-09-05,HN,86415cb6fffffff,45+,Treatment
U03109,Loyal,2024-08-17,HN,86415ca2fffffff,25-34,Treatment
U03110,Loyal,2025-04-04,HN,864143687ffffff,25-34,Treatment
U03111,Loyal,2025-03-31,HN,86415cb5fffffff,18-24,Treatment
U03112,Loyal,2025-02-08,HN,8641436b7ffffff,25-34,Treatment
U03113,Loyal,2025-05-19,HN,86415ca67ffffff,25-34,Treatment
U03114,Loyal,2024-11-17,HN,86415ca6fffffff,25-34,Treatment
U03115,Loyal,2025-08-12,HN,86415cb6fffffff,25-34,Treatment
U03116,Loyal,2024-11-20,HN,86415ca6fffffff,18-24,Treatment
U03117,Loyal,2024-08-03,HN,86415ca67ffffff,25-34,Treatment
U03118,Loyal,2025-10-04,HN,8641436b7ffffff,35-44,Treatment
U03119,Loyal,2024-08-20,HN,86415cb6fffffff,25-34,Treatment
U03120,Loyal,2025-05-20,HN,86415cb77ffffff,35-44,Treatment
U03121,Loyal,2025-07-25,HN,86415cb67ffffff,35-44,Treatment
U03122,Loyal,2024-11-12,HN,86414369fffffff,18-24,Treatment
U03123,Loyal,2025-03-07,HN,8641436b7ffffff,25-34,Treatment
U03124,Loyal,2025-08-18,HN,86415cb6fffffff,18-24,Treatment
U03125,Loyal,2024-10-18,HN,86415cb6fffffff,25-34,Treatment
U03126,Loyal,2025-06-19,HN,86415cb67ffffff,25-34,Treatment
U03127,Loyal,2025-03-26,HN,86415ca67ffffff,25-34,Treatment
U03128,Loyal,2025-02-12,HN,86415ca67ffffff,45+,Treatment
U03129,Loyal,2025-04-16,HN,86415cb6fffffff,25-34,Holdout
U03130,Loyal,2025-01-07,HN,86415cb4fffffff,35-44,Treatment
U03131,Loyal,2025-07-02,HN,86415cb67ffffff,45+,Treatment
U03132,Loyal,2025-06-28,HN,86415cb5fffffff,18-24,Treatment
U03133,Loyal,2025-05-26,HN,8641436a7ffffff,18-24,Treatment
U03134,Loyal,2024-11-26,HN,86415cb5fffffff,18-24,Treatment
U03135,Loyal,2025-06-19,HN,86415ca6fffffff,18-24,Treatment
U03136,Loyal,2025-09-11,HN,86415ca67ffffff,25-34,Treatment
U03137,Loyal,2025-05-01,HN,86415ca67ffffff,18-24,Treatment
U03138,Loyal,2025-02-21,HN,86415cb6fffffff,18-24,Treatment
U03139,Loyal,2025-02-08,HN,86415cb5fffffff,25-34,Treatment
U03140,Loyal,2025-05-10,HN,86415cb6fffffff,25-34,Treatment
U03141,Loyal,2024-06-11,HN,86415cb4fffffff,25-34,Treatment
U03142,Loyal,2024-11-14,HN,86415cb6fffffff,18-24,Treatment
U03143,Loyal,2024-06-01,HN,8641436a7ffffff,25-34,Treatment
U03144,Loyal,2024-07-03,HN,86415cb6fffffff,25-34,Treatment
U03145,Loyal,2024-09-14,HN,86415cb5fffffff,18-24,Treatment
U03146,Loyal,2024-10-15,HN,86415cb47ffffff,25-34,Treatment
U03147,Loyal,2025-08-04,HN,86415cb57ffffff,18-24,Treatment
U03148,Loyal,2025-07-30,HN,86415ca67ffffff,45+,Treatment
U03149,Loyal,2025-06-22,HN,8641436b7ffffff,25-34,Treatment
U03150,Loyal,2025-03-28,HN,86415cb47ffffff,25-34,Treatment
U03151,Loyal,2024-12-26,HN,86415ca67ffffff,35-44,Treatment
U03152,Loyal,2025-06-10,HN,86415cb4fffffff,45+,Holdout
U03153,Loyal,2024-09-20,HN,86415cb5fffffff,35-44,Treatment
U03154,Loyal,2024-11-13,HN,86415cb57ffffff,18-24,Treatment
U03155,Loyal,2025-05-21,HN,86414369fffffff,35-44,Treatment
U03156,Loyal,2024-08-02,HN,8641436a7ffffff,45+,Treatment
U03157,Loyal,2024-06-17,HN,864143697ffffff,18-24,Treatment
U03158,Loyal,2024-09-25,HN,86415ca77ffffff,35-44,Holdout
U03159,Loyal,2024-06-08,HN,86415ca2fffffff,25-34,Treatment
U03160,Loyal,2025-08-04,HN,86415ca2fffffff,18-24,Treatment
U03161,Loyal,2025-10-05,HN,86415ca67ffffff,18-24,Treatment
U03162,Loyal,2024-07-06,HN,86414379fffffff,18-24,Treatment
U03163,Loyal,2024-10-29,HN,86415cb67ffffff,18-24,Holdout
U03164,Loyal,2024-08-08,HN,86415cb6fffffff,35-44,Treatment
U03165,Loyal,2025-08-15,HN,86415ca6fffffff,35-44,Treatment
U03166,Loyal,2024-08-22,HN,86415ca67ffffff,25-34,Treatment
U03167,Loyal,2025-01-11,HN,86415ca67ffffff,35-44,Treatment
U03168,Loyal,2024-11-13,HN,86415cb4fffffff,25-34,Treatment
U03169,Loyal,2024-09-13,HN,864143697ffffff,35-44,Treatment
U03170,Loyal,2025-03-26,HN,86415cb5fffffff,25-34,Holdout
U03171,Loyal,2024-09-28,HN,8641436b7ffffff,25-34,Holdout
U03172,Loyal,2024-08-04,HN,8641436a7ffffff,18-24,Treatment
U03173,Loyal,2025-02-04,HN,86415cb6fffffff,18-24,Treatment
U03174,Loyal,2025-08-31,HN,86415cb6fffffff,35-44,Treatment
U03175,Loyal,2024-08-28,HN,86415ca6fffffff,45+,Holdout
U03176,Loyal,2025-07-17,HN,86415cb6fffffff,25-34,Treatment
U03177,Loyal,2025-08-26,HN,864143697ffffff,18-24,Treatment
U03178,Loyal,2025-07-30,HN,86415ca77ffffff,18-24,Treatment
U03179,Loyal,2024-10-10,HN,86415ca67ffffff,18-24,Treatment
U03180,Loyal,2024-06-12,HN,864143697ffffff,45+,Treatment
U03181,Loyal,2024-10-08,HN,86415cb5fffffff,25-34,Treatment
U03182,Loyal,2024-08-12,HN,86414369fffffff,25-34,Treatment
U03183,Loyal,2024-11-23,HN,86415ca47ffffff,25-34,Treatment
U03184,Loyal,2024-08-29,HN,86415ca77ffffff,25-34,Treatment
U03185,Loyal,2025-09-10,HN,8641436a7ffffff,18-24,Treatment
U03186,Loyal,2024-08-21,HN,86415ca67ffffff,25-34,Treatment
U03187,Loyal,2025-05-11,HN,864143697ffffff,18-24,Treatment
U03188,Loyal,2025-09-24,HN,86415cb6fffffff,25-34,Treatment
U03189,Loyal,2025-03-25,HN,86415cb6fffffff,45+,Treatment
U03190,Loyal,2025-02-20,HN,86415cb6fffffff,35-44,Treatment
U03191,Loyal,2025-05-01,HN,86415cb5fffffff,25-34,Treatment
U03192,Loyal,2024-09-03,HN,86415cb6fffffff,45+,Treatment
U03193,Loyal,2024-06-19,HN,86415cb4fffffff,45+,Holdout
U03194,Loyal,2024-10-01,HN,864143697ffffff,35-44,Treatment
U03195,Loyal,2025-01-04,HN,86415cb57ffffff,25-34,Treatment
U03196,Loyal,2025-02-21,HN,86414379fffffff,45+,Treatment
U03197,Loyal,2024-08-15,HN,86415ca2fffffff,18-24,Treatment
U03198,Loyal,2024-06-15,HN,86415cb4fffffff,45+,Treatment
U03199,Loyal,2024-07-02,HN,86415ca67ffffff,18-24,Treatment
U03200,Loyal,2025-05-31,HN,86415cb5fffffff,25-34,Treatment
U03201,Loyal,2024-08-07,HN,86415cb5fffffff,18-24,Treatment
U03202,Loyal,2024-06-19,HN,86415ca67ffffff,18-24,Treatment
U03203,Loyal,2024-08-27,HN,86415cb4fffffff,18-24,Treatment
U03204,Loyal,2025-09-14,HN,86415cb6fffffff,18-24,Treatment
U03205,Loyal,2025-06-08,HN,86415ca67ffffff,25-34,Treatment
U03206,Loyal,2025-08-06,HN,86415ca67ffffff,18-24,Treatment
U03207,Loyal,2024-11-18,HN,86415cb5fffffff,18-24,Treatment
U03208,Loyal,2025-04-25,HN,864143697ffffff,18-24,Treatment
U03209,Loyal,2025-06-09,HN,86415cb4fffffff,25-34,Holdout
U03210,Loyal,2025-03-17,HN,864143697ffffff,18-24,Treatment
U03211,Loyal,2025-02-18,HN,86415ca67ffffff,18-24,Treatment
U03212,Loyal,2025-09-03,HN,864143697ffffff,35-44,Treatment
U03213,Loyal,2024-10-19,HN,864143697ffffff,25-34,Treatment
U03214,Loyal,2024-06-07,HN,86415cb4fffffff,35-44,Treatment
U03215,Loyal,2025-08-12,HN,864143697ffffff,18-24,Treatment
U03216,Loyal,2025-01-06,HN,86415cb4fffffff,25-34,Treatment
U03217,Loyal,2025-03-01,HN,86415ca67ffffff,18-24,Treatment
U03218,Loyal,2024-10-27,HN,86415cb4fffffff,25-34,Treatment
U03219,Loyal,2025-02-28,HN,864143697ffffff,25-34,Treatment
U03220,Loyal,2025-09-16,HN,86414379fffffff,45+,Treatment
U03221,Loyal,2024-09-30,HN,86415cb47ffffff,35-44,Treatment
U03222,Loyal,2025-08-11,HN,86414369fffffff,35-44,Holdout
U03223,Loyal,2025-09-27,HN,8641436b7ffffff,35-44,Treatment
U03224,Loyal,2024-07-31,HN,86415cb67ffffff,18-24,Holdout
U03225,Loyal,2025-08-18,HN,864143697ffffff,35-44,Treatment
U03226,Loyal,2025-03-28,HN,86415cb77ffffff,25-34,Treatment
U03227,Loyal,2025-10-02,HN,86415cb4fffffff,18-24,Treatment
U03228,Loyal,2024-09-07,HN,86415cb67ffffff,45+,Treatment
U03229,Loyal,2024-06-02,HN,86415cb47ffffff,25-34,Treatment
U03230,Loyal,2025-02-22,HN,86415cb5fffffff,25-34,Treatment
U03231,Loyal,2025-09-01,HN,86415cb5fffffff,35-44,Holdout
U03232,Loyal,2025-07-27,HN,86415cb67ffffff,25-34,Treatment
U03233,Loyal,2025-01-10,HN,86415cb6fffffff,18-24,Treatment
U03234,Loyal,2025-01-24,HN,86415cb5fffffff,45+,Treatment
U03235,Loyal,2024-12-10,HN,86415cb5fffffff,18-24,Treatment
U03236,Loyal,2024-11-29,HN,86415cb4fffffff,25-34,Treatment
U03237,Loyal,2025-04-26,HN,86415cb5fffffff,25-34,Treatment
U03238,Loyal,2025-09-05,HN,86415cb47ffffff,18-24,Treatment
U03239,Loyal,2025-06-28,HN,86415cb6fffffff,35-44,Treatment
U03240,Loyal,2024-09-05,HN,86415cb5fffffff,18-24,Treatment
U03241,Loyal,2025-02-23,HN,864143687ffffff,18-24,Treatment
U03242,Loyal,2025-05-07,HN,86415cb5fffffff,18-24,Holdout
U03243,Loyal,2024-10-12,HN,86415cb47ffffff,25-34,Treatment
U03244,Loyal,2024-06-02,HN,86415cb6fffffff,18-24,Treatment
U03245,Loyal,2025-06-12,HN,86415cb47ffffff,35-44,Holdout
U03246,Loyal,2024-07-20,HN,86415ca67ffffff,18-24,Treatment
U03247,Loyal,2025-06-09,HN,86415cb4fffffff,18-24,Treatment
U03248,Loyal,2024-07-08,HN,86415cb4fffffff,25-34,Treatment
U03249,Loyal,2025-01-05,HN,86415cb4fffffff,25-34,Treatment
U03250,Loyal,2025-06-01,HN,86415ca6fffffff,25-34,Holdout
U03251,Loyal,2025-03-21,HN,86415cb4fffffff,18-24,Treatment
U03252,Loyal,2025-05-10,HN,86415cb67ffffff,18-24,Treatment
U03253,Loyal,2025-04-20,HN,86415cb4fffffff,25-34,Treatment
U03254,Loyal,2025-02-09,HN,86415cb5fffffff,45+,Treatment
U03255,Loyal,2024-09-26,HN,86415ca2fffffff,25-34,Treatment
U03256,Loyal,2025-06-15,HN,864143697ffffff,25-34,Treatment
U03257,Loyal,2024-09-23,HN,8641436b7ffffff,35-44,Treatment
U03258,Loyal,2024-08-03,HN,86415ca6fffffff,18-24,Treatment
U03259,Loyal,2024-06-21,HN,8641436a7ffffff,18-24,Treatment
U03260,Loyal,2024-06-20,HN,864143697ffffff,25-34,Treatment
U03261,Loyal,2024-08-04,HN,86415cb5fffffff,18-24,Holdout
U03262,Loyal,2025-05-21,HN,86415cb5fffffff,25-34,Treatment
U03263,Loyal,2024-10-31,HN,86415cb6fffffff,25-34,Treatment
U03264,Loyal,2025-07-23,HN,86415cb5fffffff,35-44,Treatment
U03265,Loyal,2024-08-10,HN,86415cb5fffffff,25-34,Treatment
U03266,Loyal,2024-07-27,HN,86415ca67ffffff,35-44,Treatment
U03267,Loyal,2025-06-28,HN,86415cb47ffffff,18-24,Treatment
U03268,Loyal,2025-04-30,HN,8641436a7ffffff,25-34,Holdout
U03269,Loyal,2025-01-25,HN,86415ca67ffffff,25-34,Treatment
U03270,Loyal,2025-01-07,HN,86415cb67ffffff,18-24,Holdout
U03271,Loyal,2025-04-02,HN,86415cb6fffffff,25-34,Treatment
U03272,Loyal,2024-10-10,HN,86415ca77ffffff,25-34,Treatment
U03273,Loyal,2025-02-25,HN,86415cb5fffffff,25-34,Treatment
U03274,Loyal,2025-10-03,HN,8641436b7ffffff,18-24,Treatment
U03275,Loyal,2025-03-08,HN,86415cb6fffffff,18-24,Treatment
U03276,Loyal,2024-10-21,HN,864143697ffffff,35-44,Treatment
U03277,Loyal,2025-03-17,HN,86415ca2fffffff,25-34,Treatment
U03278,Loyal,2025-08-02,HN,86415cb47ffffff,25-34,Treatment
U03279,Loyal,2024-11-06,HN,864143697ffffff,25-34,Treatment
U03280,Loyal,2025-07-17,HN,8641436b7ffffff,25-34,Holdout
U03281,Loyal,2025-05-06,HN,86415cb5fffffff,35-44,Holdout
U03282,Loyal,2024-07-05,HN,86415cb6fffffff,25-34,Treatment
U03283,Loyal,2024-11-14,HN,86415cb5fffffff,35-44,Treatment
U03284,Loyal,2025-01-02,HN,86415cb47ffffff,25-34,Treatment
U03285,Loyal,2024-08-22,HN,86415cb57ffffff,25-34,Treatment
U03286,Loyal,2024-11-29,HN,864143697ffffff,18-24,Treatment
U03287,Loyal,2025-08-25,HN,86415cb67ffffff,35-44,Treatment
U03288,Loyal,2025-08-27,HN,864143687ffffff,25-34,Treatment
U03289,Loyal,2025-06-21,HN,86415ca67ffffff,35-44,Treatment
U03290,Loyal,2025-08-25,HN,86415cb6fffffff,45+,Treatment
U03291,Loyal,2025-05-16,HN,86415ca67ffffff,35-44,Treatment
U03292,Loyal,2024-10-28,HN,864143697ffffff,25-34,Treatment
U03293,Loyal,2024-07-12,HN,86415cb67ffffff,35-44,Treatment
U03294,Loyal,2025-09-01,HN,86415cb57ffffff,35-44,Treatment
U03295,Loyal,2024-07-18,HN,8641436b7ffffff,45+,Treatment
U03296,Loyal,2024-08-05,HN,86414379fffffff,35-44,Treatment
U03297,Loyal,2025-05-23,HN,86415cb6fffffff,25-34,Treatment
U03298,Loyal,2024-10-16,HN,86415ca2fffffff,45+,Treatment
U03299,Loyal,2025-01-09,HN,86414369fffffff,25-34,Treatment
U03300,Loyal,2024-11-26,HN,86415cb67ffffff,18-24,Treatment
U03301,Loyal,2025-03-11,HN,86415cb47ffffff,18-24,Treatment
U03302,Loyal,2025-08-05,HN,8641436b7ffffff,35-44,Treatment
U03303,Loyal,2025-08-22,HN,86415cb4fffffff,35-44,Treatment
U03304,Loyal,2025-05-16,HN,86415ca2fffffff,35-44,Treatment
U03305,Loyal,2024-10-27,HN,86415cb6fffffff,18-24,Holdout
U03306,Loyal,2024-07-25,HN,86415cb4fffffff,18-24,Treatment
U03307,Loyal,2025-01-18,HN,86415ca2fffffff,18-24,Treatment
U03308,Loyal,2025-03-31,HN,864143697ffffff,18-24,Treatment
U03309,Loyal,2025-09-16,HN,86415ca67ffffff,18-24,Treatment
U03310,Loyal,2024-12-03,HN,86415cb6fffffff,25-34,Holdout
U03311,Loyal,2025-08-25,HN,86415cb57ffffff,25-34,Treatment
U03312,Loyal,2024-08-24,HN,86415ca6fffffff,18-24,Treatment
U03313,Loyal,2025-02-09,HN,86415cb5fffffff,18-24,Treatment
U03314,Loyal,2025-04-07,HN,86415cb4fffffff,45+,Treatment
U03315,Loyal,2024-06-09,HN,86415ca77ffffff,35-44,Treatment
U03316,Loyal,2024-09-21,HN,8641436b7ffffff,18-24,Treatment
U03317,Loyal,2025-03-09,HN,86415cb6fffffff,25-34,Treatment
U03318,Loyal,2025-09-15,HN,86415cb4fffffff,25-34,Treatment
U03319,Loyal,2025-05-26,HN,86415cb6fffffff,25-34,Treatment
U03320,Loyal,2024-09-05,HN,86415cb47ffffff,35-44,Treatment
U03321,Loyal,2024-12-25,HN,864143697ffffff,18-24,Treatment
U03322,Loyal,2025-04-22,HN,86415ca67ffffff,18-24,Treatment
U03323,Loyal,2024-08-18,HN,8641436a7ffffff,18-24,Treatment
U03324,Loyal,2025-03-21,HN,86415cb5fffffff,25-34,Treatment
U03325,Loyal,2024-07-09,HN,86415ca67ffffff,18-24,Holdout
U03326,Loyal,2025-01-28,HN,86415cb6fffffff,45+,Treatment
U03327,Loyal,2025-09-21,HN,86415cb6fffffff,25-34,Treatment
U03328,Loyal,2024-07-09,HN,86415cb6fffffff,35-44,Treatment
U03329,Loyal,2025-07-03,HN,86415ca67ffffff,45+,Treatment
U03330,Loyal,2025-02-27,HN,86415ca6fffffff,45+,Treatment
U03331,Loyal,2024-06-04,HN,86415cb5fffffff,25-34,Treatment
U03332,Loyal,2025-01-21,HN,864143697ffffff,35-44,Treatment
U03333,Loyal,2025-05-24,HN,86415cb6fffffff,45+,Treatment
U03334,Loyal,2025-06-19,HN,8641436a7ffffff,25-34,Treatment
U03335,Loyal,2024-06-09,HN,86415cb4fffffff,35-44,Treatment
U03336,Loyal,2025-02-19,HN,864143697ffffff,18-24,Treatment
U03337,Loyal,2025-03-08,HN,86415ca6fffffff,18-24,Treatment
U03338,Loyal,2024-10-20,HN,86415cb5fffffff,25-34,Treatment
U03339,Loyal,2025-08-29,HN,86415ca67ffffff,25-34,Treatment
U03340,Loyal,2024-10-05,HN,86415cb6fffffff,18-24,Treatment
U03341,Loyal,2025-02-04,HN,86415ca67ffffff,18-24,Treatment
U03342,Loyal,2025-06-06,HN,86415cb5fffffff,25-34,Treatment
U03343,Loyal,2024-07-25,HN,8641436b7ffffff,18-24,Treatment
U03344,Loyal,2024-07-19,HN,86415cb4fffffff,25-34,Holdout
U03345,Loyal,2025-05-27,HN,8641436b7ffffff,25-34,Treatment
U03346,Loyal,2024-09-15,HN,86414379fffffff,25-34,Treatment
U03347,Loyal,2025-08-19,HN,86415ca67ffffff,25-34,Treatment
U03348,Loyal,2024-07-21,HN,86415cb5fffffff,25-34,Treatment
U03349,Loyal,2024-07-19,HN,86415ca67ffffff,25-34,Treatment
U03350,Loyal,2024-12-02,HN,86415cb5fffffff,25-34,Treatment
U03351,Loyal,2025-03-16,HN,86415cb4fffffff,18-24,Treatment
U03352,Loyal,2024-06-04,HN,86415cb47ffffff,25-34,Treatment
U03353,Loyal,2024-12-26,HN,86415cb5fffffff,25-34,Treatment
U03354,Loyal,2025-02-02,HN,86415cb67ffffff,35-44,Treatment
U03355,Loyal,2024-11-14,HN,86415cb47ffffff,18-24,Holdout
U03356,Loyal,2024-06-22,HN,864143687ffffff,18-24,Treatment
U03357,Loyal,2025-01-06,HN,86415ca2fffffff,25-34,Treatment
U03358,Loyal,2025-03-14,HN,86415ca67ffffff,25-34,Treatment
U03359,Loyal,2024-07-11,HN,864143697ffffff,35-44,Treatment
U03360,Loyal,2025-07-14,HN,86415cb6fffffff,18-24,Treatment
U03361,Loyal,2024-11-10,HN,86415cb57ffffff,25-34,Holdout
U03362,Loyal,2024-10-11,HN,86415cb47ffffff,45+,Treatment
U03363,Loyal,2025-06-29,HN,86415cb47ffffff,25-34,Treatment
U03364,Loyal,2025-06-30,HN,8641436a7ffffff,18-24,Treatment
U03365,Loyal,2025-09-16,HN,86415cb57ffffff,25-34,Treatment
U03366,Loyal,2025-04-10,HN,86415cb47ffffff,45+,Treatment
U03367,Loyal,2025-05-30,HN,864143697ffffff,25-34,Treatment
U03368,Loyal,2025-09-28,HN,864143697ffffff,18-24,Treatment
U03369,Loyal,2024-11-29,HN,864143697ffffff,18-24,Treatment
U03370,Loyal,2024-07-30,HN,86415cb6fffffff,35-44,Treatment
U03371,Loyal,2025-09-10,HN,8641436b7ffffff,25-34,Treatment
U03372,Loyal,2024-08-16,HN,86415cb6fffffff,35-44,Treatment
U03373,Loyal,2024-09-15,HN,86414379fffffff,18-24,Treatment
U03374,Loyal,2025-06-07,HN,86415ca77ffffff,25-34,Treatment
U03375,Loyal,2025-09-22,HN,86415cb4fffffff,25-34,Treatment
U03376,Loyal,2024-09-30,HN,86415cb5fffffff,45+,Treatment
U03377,Loyal,2025-03-11,HN,86415cb5fffffff,35-44,Treatment
U03378,Loyal,2025-03-29,HN,86415cb47ffffff,25-34,Treatment
U03379,Loyal,2024-11-29,HN,864143697ffffff,18-24,Treatment
U03380,Loyal,2024-10-09,HN,86415cb5fffffff,18-24,Treatment
U03381,Loyal,2024-08-06,HN,8641436b7ffffff,25-34,Treatment
U03382,Loyal,2025-04-20,HN,86415cb67ffffff,35-44,Treatment
U03383,Loyal,2025-01-20,HN,86415ca6fffffff,35-44,Treatment
U03384,Loyal,2025-04-01,HN,86415ca67ffffff,18-24,Treatment
U03385,Loyal,2024-06-03,HN,86415cb47ffffff,25-34,Treatment
U03386,Loyal,2024-12-04,HN,86415ca6fffffff,18-24,Treatment
U03387,Loyal,2025-04-18,HN,86415cb5fffffff,35-44,Treatment
U03388,Loyal,2025-07-17,HN,86415ca67ffffff,35-44,Treatment
U03389,Loyal,2025-08-12,HN,864143687ffffff,35-44,Treatment
U03390,Loyal,2025-05-01,HN,86415ca6fffffff,35-44,Treatment
U03391,Loyal,2025-07-21,HN,86415cb6fffffff,18-24,Treatment
U03392,Loyal,2024-10-29,HN,86415cb4fffffff,25-34,Treatment
U03393,Loyal,2025-03-13,HN,86415ca67ffffff,35-44,Treatment
U03394,Loyal,2024-11-07,HN,86415ca67ffffff,45+,Treatment
U03395,Loyal,2024-09-09,HN,86415ca47ffffff,25-34,Treatment
U03396,Loyal,2024-11-15,HN,86415cb77ffffff,25-34,Treatment
U03397,Loyal,2024-08-23,HN,864143687ffffff,25-34,Treatment
U03398,Loyal,2025-07-26,HN,864143697ffffff,18-24,Treatment
U03399,Loyal,2025-09-28,HN,8641436a7ffffff,45+,Treatment
U03400,Loyal,2025-03-30,HN,86415cb6fffffff,45+,Holdout
U03401,Loyal,2024-12-10,HN,86415ca67ffffff,35-44,Treatment
U03402,Loyal,2025-09-03,HN,86415cb5fffffff,25-34,Treatment
U03403,Loyal,2025-01-05,HN,864143697ffffff,35-44,Treatment
U03404,Loyal,2025-07-22,HN,86415cb6fffffff,25-34,Treatment
U03405,Loyal,2024-12-19,HN,8641436a7ffffff,18-24,Holdout
U03406,Loyal,2025-08-20,HN,86415ca6fffffff,18-24,Treatment
U03407,Loyal,2025-01-14,HN,86415cb5fffffff,25-34,Treatment
U03408,Loyal,2024-10-17,HN,86415cb6fffffff,18-24,Holdout
U03409,Loyal,2024-12-13,HN,86415cb4fffffff,35-44,Treatment
U03410,Loyal,2025-09-21,HN,86415cb5fffffff,25-34,Holdout
U03411,Loyal,2024-06-03,HN,86415cb5fffffff,18-24,Treatment
U03412,Loyal,2025-05-18,HN,86415ca47ffffff,35-44,Treatment
U03413,Loyal,2025-07-16,HN,8641436b7ffffff,18-24,Treatment
U03414,Loyal,2025-07-11,HN,8641436b7ffffff,25-34,Treatment
U03415,Loyal,2025-08-27,HN,8641436a7ffffff,25-34,Treatment
U03416,Loyal,2025-03-19,HN,8641436a7ffffff,35-44,Treatment
U03417,Loyal,2024-08-02,HN,86415ca2fffffff,18-24,Holdout
U03418,Loyal,2025-08-05,HN,86415ca47ffffff,35-44,Treatment
U03419,Loyal,2025-07-08,HN,8641436a7ffffff,18-24,Treatment
U03420,Loyal,2024-08-25,HN,86415cb5fffffff,18-24,Treatment
U03421,Loyal,2024-09-06,HN,86415cb5fffffff,18-24,Treatment
U03422,Loyal,2025-01-28,HN,86415cb5fffffff,45+,Holdout
U03423,Loyal,2024-06-09,HN,86415cb5fffffff,18-24,Holdout
U03424,Loyal,2024-07-18,HN,8641436a7ffffff,25-34,Treatment
U03425,Loyal,2024-12-17,HN,86415cb5fffffff,25-34,Treatment
U03426,Loyal,2025-05-16,HN,86415cb67ffffff,25-34,Treatment
U03427,Loyal,2024-08-07,HN,86415cb5fffffff,35-44,Treatment
U03428,Loyal,2025-02-17,HN,86415cb4fffffff,35-44,Treatment
U03429,Loyal,2024-12-10,HN,86415ca67ffffff,18-24,Treatment
U03430,Loyal,2025-05-19,HN,86415cb6fffffff,18-24,Treatment
U03431,Loyal,2025-05-05,HN,86415ca77ffffff,25-34,Treatment
U03432,Loyal,2024-12-27,HN,8641436a7ffffff,25-34,Treatment
U03433,Loyal,2024-08-29,HN,86415ca47ffffff,18-24,Treatment
U03434,Loyal,2024-12-08,HN,86415ca2fffffff,35-44,Treatment
U03435,Loyal,2025-02-16,HN,8641436b7ffffff,35-44,Treatment
U03436,Loyal,2024-09-07,HN,86415ca67ffffff,25-34,Holdout
U03437,Loyal,2025-04-05,HN,86415cb6fffffff,35-44,Holdout
U03438,Loyal,2024-07-18,HN,86415cb5fffffff,25-34,Treatment
U03439,Loyal,2025-06-12,HN,86415ca67ffffff,18-24,Treatment
U03440,Loyal,2025-04-02,HN,864143697ffffff,35-44,Treatment
U03441,Loyal,2025-01-31,HN,86415cb57ffffff,35-44,Treatment
U03442,Loyal,2025-07-13,HN,86415cb4fffffff,25-34,Treatment
U03443,Loyal,2025-01-30,HN,86415ca2fffffff,18-24,Treatment
U03444,Loyal,2024-12-10,HN,86415cb5fffffff,25-34,Treatment
U03445,Loyal,2025-10-12,HN,86415ca2fffffff,35-44,Treatment
U03446,Loyal,2025-07-13,HN,864143697ffffff,18-24,Treatment
U03447,Loyal,2024-11-02,HN,864143687ffffff,18-24,Treatment
U03448,Loyal,2025-05-19,HN,86415cb67ffffff,18-24,Treatment
U03449,Loyal,2025-01-19,HN,86415cb47ffffff,25-34,Treatment
U03450,Loyal,2025-06-05,HN,8641436b7ffffff,45+,Treatment
U03451,Loyal,2024-08-10,HN,86415cb4fffffff,35-44,Treatment
U03452,Loyal,2025-06-05,HN,86415ca2fffffff,35-44,Treatment
U03453,Loyal,2025-01-23,HN,864143697ffffff,35-44,Holdout
U03454,Loyal,2025-04-12,HN,86415cb5fffffff,18-24,Treatment
U03455,Loyal,2024-11-08,HN,86415cb6fffffff,35-44,Treatment
U03456,Loyal,2025-07-13,HN,86415cb5fffffff,45+,Treatment
U03457,Loyal,2025-07-25,HN,864143697ffffff,18-24,Holdout
U03458,Loyal,2025-05-28,HN,86415cb5fffffff,25-34,Treatment
U03459,Loyal,2024-12-27,HN,86415cb6fffffff,35-44,Treatment
U03460,Loyal,2025-04-17,HN,8641436b7ffffff,35-44,Treatment
U03461,Loyal,2025-07-07,HN,86415cb4fffffff,45+,Treatment
U03462,Loyal,2025-09-17,HN,86415cb6fffffff,25-34,Treatment
U03463,Loyal,2025-03-17,HN,86415ca67ffffff,25-34,Treatment
U03464,Loyal,2025-08-26,HN,86415ca67ffffff,18-24,Holdout
U03465,Loyal,2024-10-11,HN,8641436a7ffffff,25-34,Treatment
U03466,Loyal,2024-08-01,HN,8641436a7ffffff,18-24,Treatment
U03467,Loyal,2024-06-09,HN,8641436a7ffffff,18-24,Treatment
U03468,Loyal,2024-09-26,HN,86415cb5fffffff,18-24,Treatment
U03469,Loyal,2025-08-27,HN,86415ca67ffffff,18-24,Treatment
U03470,Loyal,2025-07-07,HN,86414379fffffff,25-34,Treatment
U03471,Loyal,2024-08-22,HN,86414379fffffff,25-34,Treatment
U03472,Loyal,2024-07-08,HN,86415cb6fffffff,45+,Treatment
U03473,Loyal,2025-08-08,HN,864143697ffffff,18-24,Treatment
U03474,Loyal,2024-06-28,HN,86415cb47ffffff,18-24,Treatment
U03475,Loyal,2024-09-01,HN,86415cb4fffffff,35-44,Treatment
U03476,Loyal,2024-12-09,HN,86415cb5fffffff,25-34,Treatment
U03477,Loyal,2025-07-08,HN,86415ca47ffffff,35-44,Treatment
U03478,Loyal,2024-10-11,HN,86415cb5fffffff,35-44,Holdout
U03479,Loyal,2024-07-21,HN,86415cb47ffffff,35-44,Treatment
U03480,Loyal,2024-08-18,HN,86415cb5fffffff,45+,Treatment
U03481,Loyal,2025-09-24,HN,86415cb4fffffff,18-24,Treatment
U03482,Loyal,2025-02-09,HN,86415cb5fffffff,18-24,Treatment
U03483,Loyal,2025-02-04,HN,8641436a7ffffff,18-24,Treatment
U03484,Loyal,2025-09-16,HN,86415cb5fffffff,45+,Treatment
U03485,Loyal,2024-12-01,HN,86415ca47ffffff,25-34,Treatment
U03486,Loyal,2025-05-16,HN,86415ca6fffffff,18-24,Treatment
U03487,Loyal,2025-09-08,HN,86415cb57ffffff,25-34,Treatment
U03488,Loyal,2024-09-07,HN,8641436b7ffffff,45+,Treatment
U03489,Loyal,2025-04-03,HN,86415ca6fffffff,25-34,Treatment
U03490,Loyal,2025-07-31,HN,86415cb6fffffff,25-34,Holdout
U03491,Loyal,2024-06-28,HN,86415cb4fffffff,25-34,Treatment
U03492,Loyal,2025-06-16,HN,86415cb5fffffff,35-44,Treatment
U03493,Loyal,2025-09-18,HN,8641436a7ffffff,18-24,Treatment
U03494,Loyal,2025-04-02,HN,86415cb5fffffff,18-24,Treatment
U03495,Loyal,2024-07-15,HN,86415cb5fffffff,25-34,Treatment
U03496,Loyal,2025-04-23,HN,86415ca67ffffff,35-44,Treatment
U03497,Loyal,2024-12-02,HN,8641436b7ffffff,25-34,Treatment
U03498,Loyal,2024-07-05,HN,86415ca67ffffff,25-34,Treatment
U03499,Loyal,2024-06-26,HN,86415cb5fffffff,18-24,Treatment
U03500,Loyal,2024-12-26,HN,86415ca2fffffff,25-34,Treatment
